Asset_ID,Asset_Type,Installation_Year,Last_Maintenance_Date,Total_Maintenance_Cost,Condition_Score,Failure_Impact_Score,Failure_History_Count,Operating_Hours,Environmental_Stress_Index,System_Importance_Score,Failure_Probability,Priority_Score,Budget_Constraint_Flag,Scheduled_Disposal_Year,RUL
A0001,Switchgear,1991,2021-12-08,45406.15,9.22,4,5,81703,0.99,0.64,0.52,44.48,1,2025,5.9
A0002,Recloser,2015,2019-10-19,33701.25,9.58,19,0,42445,0.73,0.59,0.83,66.85,1,2029,10.26
A0003,Cable,1983,2022-02-06,28241.81,3.94,91,6,48636,0.36,0.9,0.82,62.99,0,2034,3.08
A0004,Recloser,1984,2022-04-30,5993.98,4.19,45,6,74927,0.7,0.65,0.95,1.78,0,2025,0.73
A0005,Recloser,1987,2020-09-05,22629.25,5.55,43,9,79194,0.73,0.35,0.69,54.12,0,2034,1.89
A0006,Circuit Breaker,2007,2024-09-21,23287.73,9.47,13,6,30685,0.43,0.97,0.21,8.85,1,2030,11.31
A0007,Cable,2010,2023-10-31,43295.9,8.89,13,9,52134,0.12,0.8,0.03,2.64,0,2031,8.48
A0008,Cable,1988,2021-01-04,27559.09,1.92,60,0,89916,0.73,0.63,0.48,79.12,1,2029,0.0
A0009,Cable,2008,2020-04-09,19329.83,4.53,57,3,95455,0.12,0.29,0.51,25.86,1,2025,0.0
A0010,Recloser,1993,2023-05-05,48851.62,5.98,86,6,68847,0.67,0.37,0.25,34.07,1,2030,3.42
A0011,Switchgear,2001,2022-07-28,5980.67,5.53,92,8,40993,0.25,0.67,0.13,6.41,1,2034,5.69
A0012,Cable,1990,2024-07-26,21416.15,2.74,52,4,45333,0.61,0.07,0.58,17.95,0,2029,2.02
A0013,Recloser,2002,2022-05-17,2580.22,8.73,53,1,59865,0.55,0.26,0.76,76.56,0,2030,7.52
A0014,Circuit Breaker,1980,2020-11-04,37125.25,7.09,86,6,80096,0.11,0.71,0.98,49.35,1,2035,3.59
A0015,Switchgear,2000,2021-07-22,45944.79,8.54,43,9,50756,0.43,0.48,0.75,88.07,0,2034,8.21
A0016,Circuit Breaker,2005,2019-12-18,14361.85,8.73,83,0,62192,0.64,0.4,0.79,39.72,1,2031,7.29
A0017,Switchgear,2015,2020-01-07,42987.91,7.74,72,6,61686,0.86,0.15,0.61,26.87,0,2031,6.19
A0018,Recloser,2002,2024-03-12,14964.8,4.95,72,5,49733,0.9,0.44,0.98,34.76,0,2026,4.14
A0019,Transformer,1980,2020-08-25,45583.12,6.49,42,6,26993,0.54,0.77,0.64,71.28,1,2027,8.21
A0020,Switchgear,1994,2022-10-02,37821.11,2.44,90,9,31492,0.76,0.26,0.85,55.5,1,2030,3.05
A0021,Circuit Breaker,2000,2024-03-25,40342.89,7.06,26,2,21981,0.38,0.01,0.94,90.42,1,2027,9.38
A0022,Recloser,1988,2022-09-03,1391.32,2.61,23,2,25143,0.41,0.67,0.92,60.22,1,2026,3.89
A0023,Switchgear,1988,2021-04-30,48159.11,7.25,43,6,78603,0.28,0.97,0.38,49.3,0,2028,3.92
A0024,Transformer,1989,2024-06-22,36470.21,3.07,77,1,90452,0.61,0.61,0.09,78.58,1,2029,0.0
A0025,Transformer,2005,2024-08-30,15585.18,2.06,28,0,61277,0.38,0.12,0.18,94.75,0,2035,0.0
A0026,Cable,2014,2019-12-24,41555.04,2.49,9,8,50990,0.18,0.32,0.07,35.58,1,2034,1.16
A0027,Cable,2004,2022-08-23,14435.3,1.02,20,8,63888,0.72,0.87,0.11,24.99,0,2033,0.0
A0028,Circuit Breaker,2005,2021-10-26,43701.32,7.47,56,6,70351,0.74,0.23,0.19,61.62,1,2027,5.01
A0029,Switchgear,1990,2024-01-02,6072.73,7.59,83,6,98372,0.42,0.61,0.34,49.89,0,2027,2.34
A0030,Switchgear,1981,2022-09-03,35332.46,5.63,39,2,50999,0.17,0.4,0.54,98.92,0,2030,4.81
A0031,Cable,1986,2024-04-09,27264.57,2.45,51,9,71309,0.48,0.21,0.71,46.24,0,2029,0.0
A0032,Switchgear,1997,2023-11-18,5278.46,1.75,12,1,13446,0.5,0.81,0.22,7.43,1,2030,4.06
A0033,Switchgear,2006,2020-12-04,12473.74,1.17,79,6,31733,0.7,0.74,0.67,97.74,1,2031,1.55
A0034,Transformer,2013,2022-06-18,1114.0,2.49,95,8,77000,0.38,0.66,0.7,84.36,1,2035,0.0
A0035,Cable,2006,2023-08-08,23704.01,9.02,55,0,49632,0.71,0.24,0.56,17.83,1,2027,8.88
A0036,Recloser,1996,2019-07-22,15412.63,3.17,78,3,22576,0.88,0.1,0.9,90.46,0,2029,4.8
A0037,Cable,2003,2022-06-15,30118.7,4.19,11,5,4320,0.31,0.58,0.12,34.07,0,2032,7.81
A0038,Recloser,2004,2022-01-19,15213.27,1.95,26,6,11750,0.98,0.55,0.18,37.71,0,2028,4.46
A0039,Transformer,1986,2020-05-01,15346.0,3.0,42,9,54463,0.45,0.19,0.43,90.64,1,2034,1.4
A0040,Circuit Breaker,1985,2021-10-19,37288.06,5.67,27,6,27572,0.34,0.06,0.13,53.01,0,2026,7.2
A0041,Switchgear,2003,2023-08-09,2883.07,6.47,11,9,18948,0.48,0.08,0.56,13.78,0,2028,9.0
A0042,Transformer,2012,2021-01-17,45193.3,3.21,38,1,39826,0.18,0.99,0.4,36.91,1,2026,3.11
A0043,Switchgear,2008,2022-05-31,42687.06,1.52,98,3,90051,0.21,0.78,0.29,72.21,1,2027,0.0
A0044,Circuit Breaker,2001,2022-03-15,33556.33,4.52,43,4,28867,0.47,0.92,0.18,17.42,0,2028,5.74
A0045,Circuit Breaker,2005,2022-04-14,29864.47,3.11,19,0,61231,0.79,0.2,0.34,59.02,1,2028,0.85
A0046,Transformer,2007,2023-06-15,44668.97,2.98,64,0,67262,0.91,0.96,0.61,69.53,1,2034,0.1
A0047,Circuit Breaker,2000,2021-11-26,9673.84,9.64,6,9,92356,0.7,0.14,0.57,34.39,1,2033,5.32
A0048,Recloser,1986,2020-07-13,4408.97,6.55,46,2,73233,0.19,0.51,0.17,69.39,1,2034,3.65
A0049,Circuit Breaker,1996,2021-08-24,12355.75,6.01,42,9,45678,0.7,0.83,0.13,88.42,0,2030,5.78
A0050,Switchgear,1999,2022-02-01,39831.62,4.74,92,2,13963,0.67,0.35,0.04,47.21,0,2033,7.49
A0051,Switchgear,1999,2019-12-06,2216.18,4.86,65,7,65360,0.83,0.42,0.02,38.29,0,2028,2.47
A0052,Switchgear,2001,2024-07-28,29348.94,5.87,99,8,50434,0.84,0.13,0.87,25.12,0,2033,5.14
A0053,Switchgear,2007,2020-06-15,49774.16,7.27,72,0,67617,0.88,0.12,0.05,60.42,0,2035,5.05
A0054,Recloser,1986,2024-09-02,42856.96,7.32,59,1,21269,0.47,0.62,0.73,87.99,1,2033,9.75
A0055,Cable,1980,2020-05-01,26311.56,2.55,52,9,77312,0.73,0.68,0.86,32.47,0,2030,0.0
A0056,Transformer,2011,2023-06-09,3650.23,5.5,47,1,98352,0.34,0.78,0.11,39.62,0,2029,0.0
A0057,Switchgear,1992,2022-08-10,41652.99,4.71,7,3,80732,1.0,0.56,0.44,40.66,1,2027,0.76
A0058,Circuit Breaker,2009,2020-08-30,30149.44,8.83,11,1,82494,0.26,0.65,0.95,56.08,1,2029,5.37
A0059,Switchgear,2002,2020-04-26,6189.18,6.68,61,6,89905,0.11,0.01,0.83,22.84,1,2027,2.13
A0060,Circuit Breaker,1998,2022-03-20,5145.94,5.79,68,8,78225,0.23,0.16,0.49,82.22,0,2029,2.26
A0061,Circuit Breaker,2011,2019-11-08,45526.53,2.04,25,6,83867,0.8,0.98,0.76,29.56,1,2029,0.0
A0062,Switchgear,2009,2023-09-13,33625.41,6.45,12,5,38528,0.5,0.08,0.83,70.54,1,2026,7.01
A0063,Recloser,2008,2023-11-09,41549.7,2.05,26,9,79972,0.5,0.68,0.35,51.32,1,2033,0.0
A0064,Circuit Breaker,2008,2023-01-31,44009.46,4.03,12,0,66602,0.96,0.18,0.88,58.59,0,2031,1.38
A0065,Circuit Breaker,2009,2019-10-06,28802.73,2.29,43,9,97261,0.93,0.72,0.47,17.96,1,2030,0.0
A0066,Switchgear,1995,2024-10-21,26113.59,7.23,51,8,91748,0.38,0.71,0.53,73.5,1,2029,2.58
A0067,Circuit Breaker,1998,2024-03-24,21806.16,2.86,37,4,34332,0.29,0.23,0.99,18.86,0,2028,3.26
A0068,Circuit Breaker,1997,2021-10-06,16188.86,4.53,46,4,91937,0.86,0.27,0.84,11.35,1,2032,0.0
A0069,Switchgear,1980,2021-12-15,22012.5,9.06,53,5,79929,0.92,0.65,0.36,54.67,0,2026,5.89
A0070,Switchgear,1993,2023-02-09,38807.04,2.84,88,8,70206,0.59,0.39,0.02,70.93,0,2032,0.0
A0071,Transformer,1981,2023-08-24,30295.21,5.57,80,7,92137,0.67,0.19,0.62,5.0,1,2025,0.61
A0072,Recloser,2007,2024-02-20,44679.9,4.77,13,7,3251,0.33,0.73,0.7,6.94,0,2034,8.59
A0073,Recloser,2009,2022-02-26,22447.31,1.16,89,7,46717,0.82,0.15,0.65,80.27,1,2025,0.04
A0074,Circuit Breaker,1983,2020-09-14,30550.93,8.13,54,0,28027,0.67,0.86,0.96,80.9,1,2027,10.02
A0075,Recloser,1980,2020-11-03,31749.72,1.62,57,0,98382,0.55,0.51,0.86,24.53,1,2029,0.0
A0076,Circuit Breaker,1987,2019-07-29,29789.01,5.27,4,7,87551,0.15,0.11,0.45,61.52,1,2030,0.72
A0077,Transformer,2008,2022-10-17,35280.37,6.05,75,4,10583,0.92,0.69,0.07,44.32,0,2028,9.35
A0078,Switchgear,1982,2023-12-24,12252.96,6.66,96,8,51387,0.65,0.52,0.48,63.27,1,2031,5.97
A0079,Switchgear,2011,2023-03-02,25862.01,7.2,49,1,24104,0.27,0.3,0.69,86.29,1,2031,9.33
A0080,Switchgear,1989,2023-11-17,5659.13,3.28,7,8,13224,0.65,0.42,0.61,7.99,1,2026,5.86
A0081,Recloser,1989,2019-12-27,19533.31,1.09,11,7,61624,0.71,0.3,0.54,77.8,0,2026,0.0
A0082,Transformer,1998,2023-01-13,24639.52,7.51,92,8,57058,0.57,0.26,0.47,49.3,0,2026,6.39
A0083,Recloser,2013,2021-06-05,32785.1,5.82,54,3,97372,0.75,0.16,0.3,56.41,1,2026,0.38
A0084,Recloser,2012,2019-08-01,47551.29,8.53,87,0,30299,0.62,0.36,0.28,65.39,0,2033,10.25
A0085,Transformer,2002,2021-12-19,30232.23,8.39,45,0,79572,0.95,0.25,0.5,92.26,0,2029,5.15
A0086,Transformer,2007,2020-11-07,37307.9,8.59,23,4,86469,0.15,0.68,0.17,5.67,1,2035,4.69
A0087,Transformer,2011,2023-09-03,25560.17,5.37,28,1,78928,0.2,0.68,0.34,2.95,1,2032,1.7
A0088,Transformer,1986,2022-03-26,31888.15,4.0,57,7,74474,0.26,0.5,0.33,17.83,1,2029,0.56
A0089,Switchgear,2008,2024-09-11,4011.14,8.12,26,9,5141,0.72,0.78,0.59,98.64,1,2035,12.3
A0090,Cable,1987,2019-08-23,13092.38,5.06,25,4,24350,0.68,0.84,0.08,71.51,1,2029,6.82
A0091,Cable,1980,2021-11-06,18411.73,2.65,54,4,76082,0.9,0.58,0.82,61.46,0,2025,0.0
A0092,Transformer,1982,2024-07-07,23888.42,8.69,29,1,71871,0.76,0.62,0.56,4.7,1,2030,6.27
A0093,Cable,2003,2021-03-21,2759.61,8.94,83,6,6077,0.56,0.28,0.67,87.91,1,2028,13.16
A0094,Cable,2002,2021-09-10,7431.19,5.2,97,7,47015,0.99,0.89,0.7,81.28,1,2027,4.71
A0095,Transformer,1987,2024-05-27,14202.31,1.68,36,9,72147,0.34,0.02,0.3,66.48,1,2030,0.0
A0096,Cable,1982,2020-10-07,48590.87,4.49,14,0,60180,0.85,0.35,0.47,33.91,1,2026,2.56
A0097,Recloser,2012,2022-07-04,16901.68,8.23,78,1,41857,0.48,0.72,0.95,7.05,0,2032,8.75
A0098,Circuit Breaker,2007,2024-03-15,24361.03,9.12,35,9,60840,0.68,0.08,0.76,58.0,1,2025,7.88
A0099,Circuit Breaker,1987,2021-11-25,10206.84,2.83,30,3,60902,0.75,0.18,0.96,71.97,0,2033,0.56
A0100,Transformer,2013,2023-10-30,30733.61,1.6,92,4,6577,0.67,0.59,0.74,9.42,1,2032,4.58
A0101,Switchgear,2014,2022-10-31,14393.82,8.9,17,1,21002,0.23,0.56,0.18,63.38,1,2025,11.62
A0102,Transformer,2011,2023-04-04,10746.13,4.5,67,0,51711,0.5,0.74,0.07,28.64,1,2034,3.42
A0103,Switchgear,2003,2021-05-29,26070.35,5.88,80,8,40451,0.61,0.81,0.58,76.42,0,2033,6.16
A0104,Circuit Breaker,1993,2020-01-03,772.54,9.71,30,0,50103,0.86,0.13,0.36,53.96,1,2026,9.64
A0105,Transformer,2011,2020-06-08,879.37,1.6,93,3,29647,0.5,0.02,0.28,12.9,1,2027,2.26
A0106,Recloser,1995,2020-08-10,11343.91,6.83,45,1,35831,0.93,0.69,0.8,52.65,1,2026,7.72
A0107,Cable,1983,2022-10-10,2317.71,1.67,79,3,97498,0.5,0.3,0.37,39.57,1,2032,0.0
A0108,Switchgear,2000,2024-08-24,5847.27,4.38,89,7,96119,0.59,0.63,0.32,18.04,1,2026,0.0
A0109,Cable,1993,2021-02-19,17273.6,8.23,51,7,67830,0.82,0.15,0.84,84.15,1,2034,6.14
A0110,Cable,2010,2021-01-29,40227.99,4.9,47,8,81632,0.62,0.47,0.84,1.1,1,2026,0.89
A0111,Transformer,1997,2022-09-05,28816.41,9.97,53,4,37833,0.96,0.5,0.36,31.21,0,2025,11.17
A0112,Cable,1986,2021-07-07,25877.05,6.03,64,6,93864,0.69,0.59,0.83,1.26,1,2031,0.97
A0113,Recloser,1989,2022-09-05,15027.7,3.89,38,2,25398,0.57,0.51,0.84,9.6,1,2026,5.35
A0114,Cable,1986,2023-10-10,46621.81,2.98,64,9,62554,0.12,0.5,0.43,29.71,1,2034,0.57
A0115,Transformer,2012,2024-08-01,20152.24,4.15,87,3,51755,0.47,0.33,0.08,5.43,0,2029,3.01
A0116,Recloser,2002,2023-10-08,4811.09,4.35,89,9,18706,0.37,0.07,0.01,59.66,0,2029,6.56
A0117,Circuit Breaker,2000,2021-06-27,31044.79,1.62,7,8,23340,0.77,0.09,0.52,8.69,1,2027,2.92
A0118,Cable,1998,2020-03-25,6135.0,4.33,22,9,65994,0.29,0.43,0.35,70.17,0,2027,1.79
A0119,Transformer,1998,2021-12-12,17588.55,5.18,81,9,64884,0.28,0.36,0.99,5.26,1,2027,2.89
A0120,Circuit Breaker,2015,2020-10-16,25616.89,7.5,82,0,85361,0.27,0.52,0.77,5.93,1,2030,3.54
A0121,Circuit Breaker,2008,2020-05-26,43774.01,6.91,41,1,18482,0.21,0.3,0.76,30.53,0,2028,9.55
A0122,Switchgear,1997,2020-03-12,24930.56,7.38,74,4,55225,0.38,0.69,0.95,89.66,1,2027,6.42
A0123,Recloser,1981,2020-07-19,35261.81,1.08,10,2,59849,0.9,0.86,0.88,64.14,0,2026,0.0
A0124,Cable,1980,2022-10-27,49644.43,2.96,57,1,75854,0.8,0.3,0.32,77.01,0,2027,0.0
A0125,Transformer,1984,2023-08-08,7008.71,6.96,7,0,42256,0.76,0.19,0.17,14.16,0,2028,7.23
A0126,Switchgear,1999,2023-07-03,14099.21,5.36,50,9,82110,0.82,0.12,0.74,83.41,1,2030,1.37
A0127,Recloser,1990,2024-07-01,20031.52,1.05,91,2,15650,0.34,0.62,0.38,0.81,1,2028,3.03
A0128,Switchgear,1981,2024-09-02,21380.49,8.24,52,0,47118,0.9,0.44,0.47,21.31,1,2032,8.23
A0129,Recloser,1982,2022-03-27,20845.54,7.96,33,0,29930,0.22,0.19,0.63,61.61,1,2027,9.63
A0130,Recloser,2002,2020-09-05,45426.74,5.94,1,0,86707,0.4,0.65,0.9,37.52,1,2027,1.59
A0131,Cable,1991,2023-09-05,35844.62,1.6,53,7,12801,0.63,0.15,0.42,98.42,1,2027,3.95
A0132,Recloser,1999,2020-02-03,30591.31,7.9,60,2,52360,0.19,0.55,0.78,3.03,1,2032,7.31
A0133,Switchgear,1984,2023-04-15,15813.95,6.25,34,0,88908,0.76,0.53,0.27,99.86,0,2028,1.73
A0134,Recloser,2009,2020-05-09,41277.62,8.04,4,6,17559,0.45,0.73,0.69,62.36,1,2025,10.96
A0135,Cable,1988,2023-07-12,47775.5,7.77,17,9,33334,0.81,0.06,0.01,55.87,1,2026,9.07
A0136,Cable,2013,2021-08-14,41149.31,8.23,4,2,14288,0.54,0.89,0.86,5.95,1,2034,11.51
A0137,Switchgear,2014,2023-11-13,577.47,5.66,43,7,23398,0.26,0.7,0.04,27.33,0,2026,7.61
A0138,Circuit Breaker,2001,2020-07-19,32001.87,2.26,90,3,77230,0.76,0.22,0.71,92.47,0,2027,0.0
A0139,Circuit Breaker,2003,2020-02-13,3031.2,7.04,4,3,13191,0.33,0.18,0.06,35.42,0,2030,10.24
A0140,Recloser,1996,2023-10-25,13251.56,6.58,1,4,19051,0.54,0.43,0.27,66.17,1,2032,9.11
A0141,Transformer,1989,2024-04-01,3446.47,7.68,71,5,62715,0.17,0.82,0.5,99.95,0,2025,6.02
A0142,Recloser,2009,2022-11-22,30387.87,2.53,94,6,11737,0.66,0.84,0.42,26.31,0,2033,5.14
A0143,Switchgear,2002,2020-07-02,34486.2,2.75,50,3,66140,0.7,0.52,0.2,57.61,1,2025,0.0
A0144,Switchgear,2011,2023-02-11,6167.14,9.01,73,7,26251,0.44,0.86,0.34,69.64,1,2034,11.22
A0145,Switchgear,1996,2023-02-22,19500.02,7.75,61,5,51975,0.96,0.01,0.72,16.46,1,2026,7.17
A0146,Switchgear,1996,2020-10-30,23083.71,9.17,35,0,6147,0.89,0.04,0.67,14.87,0,2027,13.42
A0147,Switchgear,1993,2019-11-10,18768.12,7.83,8,0,51508,0.74,0.91,0.08,45.63,1,2031,7.31
A0148,Cable,1988,2019-09-09,6490.74,6.37,24,8,53224,0.74,0.78,0.74,38.58,1,2033,5.44
A0149,Circuit Breaker,1981,2020-12-17,21237.92,6.89,83,9,20643,0.33,0.45,0.06,71.42,1,2027,9.32
A0150,Switchgear,2004,2022-06-16,37683.31,9.0,36,5,39967,0.69,0.75,0.54,6.95,1,2032,9.83
A0151,Transformer,1988,2024-09-29,4014.88,6.21,50,9,99850,0.28,0.96,0.26,97.22,1,2033,0.58
A0152,Transformer,2001,2022-01-31,4468.91,6.69,43,7,41733,0.23,0.77,0.59,1.43,1,2034,6.97
A0153,Transformer,1983,2024-05-04,18061.18,2.41,27,6,85003,1.0,0.84,0.27,60.13,0,2031,0.0
A0154,Transformer,2005,2024-04-05,47115.42,5.27,32,5,35808,0.66,0.76,0.98,56.26,1,2028,5.91
A0155,Cable,2008,2023-07-29,33594.35,7.45,78,3,68288,0.49,0.17,0.31,13.47,0,2028,5.19
A0156,Transformer,2013,2021-07-15,34094.16,3.44,18,6,59959,0.36,0.83,0.25,15.09,0,2028,1.36
A0157,Switchgear,2002,2020-03-22,18415.04,2.82,28,8,2849,0.64,0.2,0.28,79.27,1,2030,6.37
A0158,Recloser,1990,2023-12-31,29886.21,3.82,29,9,69178,0.14,0.89,0.89,88.76,0,2028,0.88
A0159,Transformer,1985,2024-06-13,1001.49,3.17,16,9,68136,0.19,0.46,0.63,28.3,0,2029,0.23
A0160,Cable,1997,2023-01-31,31986.75,2.93,99,6,61740,0.13,0.68,0.73,43.8,0,2033,0.59
A0161,Cable,2000,2024-06-22,45707.7,4.82,47,0,87322,0.55,0.5,0.91,35.5,1,2031,0.22
A0162,Transformer,2015,2023-08-26,30822.39,9.17,59,9,45565,0.64,0.09,0.9,7.25,0,2032,9.47
A0163,Recloser,2013,2022-03-14,43748.08,5.56,31,8,21183,0.16,0.29,0.73,67.32,0,2029,7.71
A0164,Transformer,1996,2023-07-25,36336.67,2.69,4,3,2132,0.75,0.98,0.2,82.52,0,2029,6.29
A0165,Cable,2004,2023-01-03,6467.64,1.69,37,2,39259,0.31,0.96,0.84,30.49,0,2035,1.4
A0166,Circuit Breaker,1991,2023-11-04,45171.44,7.27,17,3,97612,0.72,0.32,0.21,99.02,1,2031,2.04
A0167,Switchgear,2002,2022-12-31,3788.97,4.45,39,3,64668,0.98,1.0,0.74,7.59,1,2035,2.06
A0168,Cable,2001,2019-08-11,26931.39,8.4,48,9,39563,0.72,0.85,0.68,66.18,0,2032,9.17
A0169,Transformer,2000,2024-01-30,7535.79,6.94,46,1,93227,0.89,0.61,0.75,44.82,1,2033,2.1
A0170,Switchgear,2006,2020-01-07,1079.48,8.17,90,0,11931,0.95,0.04,0.53,44.66,1,2026,11.68
A0171,Transformer,2010,2024-06-03,21390.7,3.45,48,9,74169,0.54,0.9,0.64,45.76,0,2027,0.0
A0172,Transformer,1985,2023-03-15,15104.52,7.23,39,0,51639,0.73,0.56,0.94,25.87,1,2026,6.6
A0173,Circuit Breaker,2006,2019-12-12,24557.02,3.38,4,7,59901,0.87,0.87,0.11,71.56,1,2034,1.3
A0174,Switchgear,2013,2023-07-12,29071.39,9.45,30,1,2044,0.42,0.83,0.31,72.16,0,2031,14.16
A0175,Switchgear,1991,2020-03-07,2665.08,6.73,30,9,47691,0.34,0.83,0.61,28.24,0,2026,6.42
A0176,Circuit Breaker,1986,2023-06-06,6588.66,3.92,22,4,25363,0.95,0.7,0.95,83.53,1,2026,5.39
A0177,Cable,1989,2020-07-29,28152.8,3.43,75,3,47694,0.75,0.29,0.1,31.68,1,2026,2.58
A0178,Transformer,1996,2023-03-20,17486.78,2.72,66,7,2582,0.3,0.34,0.03,72.51,1,2028,6.28
A0179,Recloser,2005,2020-01-11,36594.09,7.25,12,1,80910,0.5,0.31,0.06,12.1,1,2025,3.69
A0180,Transformer,2000,2023-04-19,32788.44,2.97,94,9,67844,0.82,0.02,0.06,16.87,0,2026,0.03
A0181,Transformer,2007,2022-11-20,42357.42,6.36,36,8,22301,0.59,0.58,0.9,31.58,0,2027,8.53
A0182,Cable,1981,2021-07-01,34778.39,3.38,18,6,75329,0.68,0.7,0.72,59.39,0,2031,0.0
A0183,Transformer,1980,2020-01-30,21781.59,6.96,90,6,2620,0.78,0.85,0.67,64.55,0,2034,11.2
A0184,Circuit Breaker,2015,2020-02-11,33811.85,8.33,53,0,63224,0.66,0.14,0.52,39.64,0,2025,6.72
A0185,Circuit Breaker,2005,2020-12-04,14131.37,8.0,71,1,57655,0.59,0.54,0.78,7.78,1,2030,6.89
A0186,Switchgear,2008,2019-08-03,15662.52,7.85,1,3,96419,0.77,0.01,0.16,37.36,1,2027,2.83
A0187,Recloser,2000,2020-12-18,39554.77,2.69,58,3,38534,0.75,0.1,0.39,68.88,0,2027,2.64
A0188,Transformer,1990,2023-05-29,22597.77,1.8,90,2,40390,0.67,0.05,0.49,67.1,0,2028,1.42
A0189,Transformer,1990,2024-11-12,40019.83,7.29,87,6,72629,0.42,0.73,0.12,16.02,0,2028,4.57
A0190,Cable,2015,2023-05-29,41209.91,4.32,90,7,56856,0.47,0.08,0.42,0.78,1,2031,2.7
A0191,Circuit Breaker,2014,2023-11-02,42949.34,4.89,6,1,50252,0.97,0.72,0.32,75.3,1,2027,4.02
A0192,Recloser,2013,2023-03-19,45873.44,1.28,70,3,56809,0.2,0.25,0.04,10.64,1,2032,0.0
A0193,Switchgear,2003,2024-08-20,21833.77,3.34,44,2,23259,0.34,0.88,0.14,8.23,0,2032,4.93
A0194,Circuit Breaker,2001,2024-05-25,16283.91,1.3,72,1,21655,0.54,0.81,0.76,0.27,0,2035,2.72
A0195,Switchgear,1984,2024-11-16,29318.84,8.91,24,5,34005,0.85,0.96,0.03,43.26,0,2031,10.32
A0196,Cable,2012,2021-10-16,18873.03,3.19,86,3,32629,0.25,0.88,0.93,50.33,0,2026,3.81
A0197,Cable,2015,2023-11-06,30253.17,6.02,19,5,24610,0.35,0.93,0.09,63.77,0,2029,7.91
A0198,Transformer,1999,2023-10-05,35426.5,1.35,18,1,58184,0.16,0.86,0.79,29.61,1,2030,0.0
A0199,Recloser,1998,2024-07-27,34576.05,7.0,95,3,22602,0.74,0.69,0.89,71.04,0,2034,9.25
A0200,Switchgear,2014,2021-10-06,19040.37,3.91,30,5,86945,0.31,0.17,0.93,16.93,1,2028,0.0
A0201,Circuit Breaker,1996,2023-05-11,8759.58,9.08,42,4,12110,0.45,0.27,0.86,83.2,1,2034,12.72
A0202,Cable,2013,2020-08-02,21811.2,8.99,33,2,7073,0.5,0.21,0.29,57.18,1,2029,13.12
A0203,Transformer,1988,2024-11-04,7558.41,3.93,74,7,81818,0.9,0.6,0.34,58.39,1,2033,0.0
A0204,Transformer,2005,2021-11-08,44559.8,9.11,12,6,11195,0.47,0.5,0.43,20.98,1,2035,12.84
A0205,Switchgear,1981,2022-02-03,17620.93,9.97,94,2,2537,0.23,0.87,0.15,7.41,0,2031,14.71
A0206,Cable,1988,2024-04-05,8145.76,8.43,27,5,18138,0.57,0.95,0.03,46.47,0,2026,11.36
A0207,Recloser,1988,2019-11-10,1759.66,8.6,39,3,45328,0.97,0.4,0.86,61.56,0,2035,8.83
A0208,Cable,1996,2024-04-15,32468.21,3.24,9,4,47202,0.65,0.51,0.55,9.5,1,2025,2.41
A0209,Switchgear,1980,2022-10-06,32026.66,6.19,21,4,41164,0.99,0.97,0.61,95.05,1,2026,6.44
A0210,Switchgear,2004,2021-05-05,17359.91,1.61,76,6,90743,0.86,0.28,0.92,98.04,1,2027,0.0
A0211,Cable,2004,2022-12-19,4049.74,1.85,29,4,55659,0.13,0.79,0.66,54.55,1,2035,0.0
A0212,Switchgear,2014,2022-11-05,20776.63,9.99,33,2,87155,0.69,0.23,0.69,95.01,1,2026,6.25
A0213,Cable,1982,2022-09-23,15905.27,3.94,62,9,50692,0.36,0.68,0.78,17.94,1,2035,2.87
A0214,Circuit Breaker,2009,2022-10-19,34017.47,7.73,15,4,25845,0.6,0.25,0.12,2.54,0,2027,9.77
A0215,Cable,2013,2022-12-08,30486.07,8.26,2,6,90846,0.35,0.88,0.36,3.94,1,2034,3.87
A0216,Cable,1991,2024-05-17,18547.39,8.72,52,4,31562,0.41,0.56,0.96,58.75,1,2035,10.35
A0217,Switchgear,1998,2022-05-03,11285.68,9.98,44,4,29036,0.93,0.19,0.91,6.16,0,2035,12.07
A0218,Switchgear,1996,2024-09-15,49407.78,3.17,54,8,61752,0.29,0.22,0.88,95.85,1,2033,0.87
A0219,Transformer,1989,2019-08-15,22973.08,1.36,18,2,75233,0.89,0.49,0.45,14.19,0,2028,0.0
A0220,Transformer,1991,2022-04-22,34569.57,4.7,3,5,84049,0.13,0.96,0.85,30.47,0,2033,0.41
A0221,Circuit Breaker,1995,2019-10-12,7457.37,2.17,7,0,69681,0.18,0.77,0.06,82.25,0,2035,0.0
A0222,Transformer,2003,2022-07-31,24536.69,1.2,43,9,28818,0.87,0.49,0.16,21.87,1,2027,1.88
A0223,Cable,1998,2021-08-24,1863.07,4.24,82,4,31544,0.67,0.34,0.42,24.3,0,2025,5.14
A0224,Switchgear,1987,2023-08-24,25520.03,8.05,38,7,63532,0.77,0.55,0.48,64.23,0,2035,6.36
A0225,Transformer,2010,2023-05-02,48218.86,6.1,37,4,79636,0.29,0.75,0.27,27.61,1,2029,2.48
A0226,Transformer,2000,2020-12-24,19518.23,3.82,58,8,58705,0.58,0.78,0.36,21.74,0,2034,1.93
A0227,Circuit Breaker,1996,2022-05-08,2430.3,6.89,33,5,21104,0.76,0.32,0.17,25.42,1,2034,9.27
A0228,Circuit Breaker,2002,2023-09-11,2032.31,3.09,59,7,70603,0.66,0.72,0.49,49.06,1,2026,0.0
A0229,Cable,1995,2024-09-07,19705.34,1.13,95,9,60025,0.52,0.66,0.79,96.61,0,2028,0.0
A0230,Switchgear,1985,2024-08-24,8421.23,7.88,11,7,97264,0.96,0.96,0.66,83.22,1,2026,2.78
A0231,Circuit Breaker,1987,2022-02-05,1655.93,6.61,68,2,33317,0.71,0.93,0.12,28.46,1,2026,7.72
A0232,Transformer,2004,2022-08-11,37932.57,7.86,82,6,32416,0.92,0.79,0.49,36.34,0,2027,9.26
A0233,Switchgear,1997,2021-07-28,23196.89,1.35,68,6,43012,0.76,0.72,0.69,46.45,0,2029,0.63
A0234,Switchgear,2004,2020-09-26,14817.62,8.53,98,9,69045,0.76,0.27,0.53,97.89,0,2028,6.37
A0235,Transformer,1991,2024-09-07,45054.12,6.58,93,5,22400,0.17,0.85,0.39,17.24,0,2026,8.78
A0236,Circuit Breaker,1994,2024-10-21,6248.88,6.07,88,6,49270,0.42,0.43,0.62,35.75,1,2035,5.49
A0237,Transformer,2005,2021-01-24,47817.98,6.62,22,1,73069,0.87,0.27,0.96,72.94,0,2034,3.75
A0238,Switchgear,2005,2020-06-02,16041.35,8.78,66,8,50833,0.31,0.38,0.1,96.39,0,2026,8.49
A0239,Recloser,2011,2020-12-05,44475.98,6.28,44,9,64644,0.2,0.84,0.39,15.57,0,2030,4.19
A0240,Recloser,1989,2023-10-22,30345.67,6.23,6,9,81206,0.39,0.15,0.41,22.74,1,2031,2.48
A0241,Cable,1995,2020-10-18,41422.01,9.92,42,0,70468,0.3,0.46,0.58,22.57,1,2034,7.84
A0242,Transformer,1986,2023-02-08,49208.65,7.81,25,0,60473,0.93,0.49,0.16,2.09,1,2030,6.39
A0243,Transformer,1996,2022-01-27,14776.07,4.98,57,2,46809,0.88,0.04,0.18,60.41,1,2031,4.47
A0244,Cable,2002,2020-05-09,48076.21,7.37,85,2,39328,0.55,0.2,0.29,67.07,1,2025,8.0
A0245,Cable,2005,2024-07-08,19779.35,4.5,55,0,37784,0.16,0.83,0.95,60.25,0,2030,4.82
A0246,Cable,2000,2024-03-01,19582.84,3.06,16,6,24723,0.74,0.83,0.73,7.13,1,2035,4.45
A0247,Switchgear,2001,2024-04-15,17349.16,6.37,95,3,61646,0.66,0.29,0.66,6.92,1,2027,4.6
A0248,Transformer,1986,2019-11-10,27299.68,9.35,14,9,67255,0.97,0.87,0.81,21.04,1,2025,7.5
A0249,Switchgear,1993,2019-08-01,8130.18,9.36,39,1,1074,0.6,0.77,0.14,29.03,0,2032,14.15
A0250,Cable,1994,2023-12-03,27908.72,4.08,28,9,27498,0.4,0.42,0.85,78.65,0,2028,5.36
A0251,Transformer,1986,2021-06-30,27314.39,5.75,96,4,66522,0.57,0.75,0.59,15.94,1,2034,3.39
A0252,Switchgear,1988,2020-05-03,38214.14,2.9,92,5,97881,0.98,0.96,0.34,4.41,0,2032,0.0
A0253,Switchgear,1987,2023-09-24,41765.67,9.96,51,8,21541,0.73,0.46,0.81,39.4,1,2034,12.79
A0254,Cable,2002,2023-10-31,22301.85,9.83,49,3,46929,0.7,0.24,0.8,41.64,0,2035,10.1
A0255,Transformer,2008,2021-07-17,15465.5,6.85,9,1,27028,0.32,0.94,0.84,45.09,0,2028,8.63
A0256,Cable,1997,2021-01-18,13337.08,8.24,58,4,30545,0.77,0.6,0.12,82.69,1,2028,9.89
A0257,Transformer,2010,2023-07-23,10133.88,7.44,45,2,80569,0.78,0.11,0.96,9.8,0,2034,3.95
A0258,Recloser,2009,2023-06-12,3353.56,6.34,22,1,32673,0.39,0.57,0.95,70.39,1,2028,7.47
A0259,Circuit Breaker,2014,2023-05-20,17451.17,1.48,32,0,31974,0.54,0.5,0.36,33.79,1,2030,1.89
A0260,Circuit Breaker,1997,2020-10-10,13877.26,5.09,69,9,59899,0.37,0.86,0.07,31.0,1,2033,3.29
A0261,Circuit Breaker,1996,2023-09-18,48337.66,7.07,87,1,24097,0.33,0.53,0.17,93.25,0,2029,9.18
A0262,Cable,1993,2021-05-28,28106.59,7.1,69,5,94144,0.12,0.26,0.98,24.85,0,2034,2.19
A0263,Recloser,2010,2022-10-22,17690.21,4.36,42,7,65824,0.36,0.68,0.56,64.25,1,2032,1.84
A0264,Transformer,2003,2023-12-19,29233.15,9.48,53,2,24525,0.6,0.54,0.36,27.51,1,2032,11.94
A0265,Switchgear,2014,2021-02-26,7390.24,2.51,96,8,58804,0.1,0.23,0.29,50.71,0,2028,0.4
A0266,Transformer,2013,2023-07-02,22480.17,5.5,59,8,16043,0.35,0.57,0.26,78.63,1,2035,8.16
A0267,Switchgear,1982,2021-03-30,31498.6,7.22,74,1,42846,0.89,0.82,0.66,88.17,0,2034,7.47
A0268,Transformer,2005,2024-07-18,24700.44,7.27,39,7,78261,0.63,0.03,0.42,83.87,0,2033,3.98
A0269,Recloser,2002,2020-08-12,20388.05,6.84,15,9,51227,0.65,0.63,0.96,58.22,0,2033,6.19
A0270,Switchgear,1994,2020-05-31,49695.5,3.48,71,4,54028,0.46,0.35,0.68,24.88,1,2029,2.0
A0271,Cable,1983,2022-03-17,44075.58,2.41,29,3,38383,0.71,0.29,0.79,66.12,1,2030,2.33
A0272,Transformer,2008,2023-12-01,31358.59,6.72,3,9,30483,0.27,0.39,0.3,70.99,0,2029,8.13
A0273,Transformer,2001,2021-07-08,28684.18,6.39,83,4,8265,0.84,0.34,0.09,1.07,1,2027,9.97
A0274,Switchgear,2004,2021-03-13,31222.69,2.61,10,3,23763,0.21,0.83,0.49,43.92,1,2035,4.03
A0275,Cable,1992,2021-07-05,10464.95,7.35,92,7,76652,0.69,0.27,0.32,84.33,0,2032,4.23
A0276,Cable,1997,2020-05-06,20059.32,5.1,29,3,16733,0.41,0.73,0.21,48.96,0,2033,7.63
A0277,Recloser,2012,2020-01-07,2453.25,7.01,79,9,92038,0.77,0.09,0.94,31.14,1,2028,2.3
A0278,Cable,1995,2023-12-09,24039.53,8.54,35,5,38420,0.59,0.95,0.45,87.18,0,2033,9.45
A0279,Cable,1981,2022-05-27,27379.72,2.53,6,1,10247,0.51,0.62,0.18,15.59,1,2033,5.29
A0280,Cable,2014,2024-01-09,11773.61,1.17,12,4,24840,0.25,0.71,0.2,20.64,0,2031,2.24
A0281,Circuit Breaker,2013,2022-04-16,48219.43,8.01,38,5,66149,0.67,0.3,0.29,68.74,0,2032,6.05
A0282,Recloser,2009,2023-08-28,45518.0,6.49,77,4,22058,0.98,0.41,0.99,35.24,1,2027,8.71
A0283,Transformer,1992,2022-05-02,36246.09,7.3,93,1,35929,0.84,0.22,0.27,71.3,1,2029,8.26
A0284,Switchgear,1992,2022-04-15,26902.64,8.54,19,6,85171,0.15,0.93,0.33,15.77,1,2027,4.76
A0285,Transformer,1997,2020-08-01,43563.47,8.23,67,3,92164,0.44,0.49,0.66,25.23,1,2031,3.7
A0286,Recloser,2011,2019-12-02,6967.29,9.65,8,7,32362,0.93,0.63,0.3,15.66,1,2030,11.35
A0287,Switchgear,2011,2021-01-27,39630.23,5.82,8,6,87489,0.55,0.73,0.22,95.29,0,2035,1.37
A0288,Recloser,2014,2022-08-20,6678.63,5.4,84,6,85664,0.7,0.37,0.17,40.54,0,2027,1.06
A0289,Cable,2008,2020-07-03,39813.43,4.62,47,8,48356,0.92,0.72,0.32,33.72,1,2033,3.9
A0290,Switchgear,2008,2020-06-06,14150.49,2.38,4,0,78597,0.89,0.68,0.11,1.42,0,2025,0.0
A0291,Cable,1995,2024-06-17,43915.98,6.15,51,9,7041,0.55,0.71,0.03,15.34,1,2034,9.82
A0292,Transformer,1989,2024-04-30,47230.08,3.49,85,5,79209,0.49,0.49,0.8,42.11,0,2027,0.0
A0293,Transformer,2009,2023-11-21,7865.4,9.29,67,5,62954,0.41,0.38,0.15,6.85,0,2035,7.86
A0294,Switchgear,2004,2024-08-06,23402.44,6.25,45,5,62869,0.75,0.22,0.77,51.07,1,2034,4.34
A0295,Switchgear,1999,2024-05-27,49058.88,6.34,8,5,22059,0.36,0.82,0.79,45.5,1,2035,8.53
A0296,Recloser,1984,2022-10-28,24428.67,4.19,87,9,45722,0.32,0.61,0.54,76.72,1,2031,3.66
A0297,Recloser,1980,2023-11-29,43245.6,1.47,16,6,18548,0.42,0.44,0.31,65.98,0,2027,3.22
A0298,Cable,2009,2019-12-28,29642.21,1.29,77,9,16078,0.26,0.94,0.15,44.59,1,2027,3.26
A0299,Switchgear,1982,2024-07-07,19078.83,4.81,67,5,6419,0.73,0.05,0.73,22.47,1,2026,8.32
A0300,Transformer,1993,2020-04-08,14646.29,1.76,9,0,36490,0.65,0.85,0.6,72.69,1,2033,1.76
A0301,Recloser,2009,2023-02-20,10559.54,6.46,60,2,77086,0.53,1.0,0.65,70.79,1,2035,3.16
A0302,Recloser,1983,2019-10-08,38209.01,8.93,78,1,59760,0.45,0.89,0.02,15.33,1,2028,7.76
A0303,Transformer,1997,2020-10-13,19633.76,8.95,77,5,31337,0.92,0.81,0.92,91.48,1,2034,10.64
A0304,Recloser,2004,2022-10-25,25808.14,6.93,71,7,2468,0.13,0.37,0.07,6.44,0,2030,11.18
A0305,Cable,1980,2023-11-25,24870.11,2.9,15,2,25309,0.79,0.23,0.37,5.5,0,2026,4.21
A0306,Switchgear,1994,2022-10-14,29075.31,8.77,71,9,67344,0.91,0.73,0.4,18.74,0,2033,6.82
A0307,Transformer,1988,2020-03-22,43346.07,8.97,98,7,91283,0.5,0.3,0.01,90.95,0,2031,4.65
A0308,Switchgear,1994,2024-06-26,49046.6,2.77,41,7,73255,0.6,0.18,0.5,52.0,1,2034,0.0
A0309,Recloser,2003,2023-12-18,20675.42,7.64,22,4,82899,0.95,0.79,0.75,78.79,1,2029,3.95
A0310,Recloser,1983,2019-08-16,41462.19,3.58,24,7,29718,0.29,0.31,0.82,22.78,0,2031,4.56
A0311,Transformer,1991,2021-05-01,38344.13,8.22,44,5,95337,0.57,0.91,0.87,49.02,0,2028,3.37
A0312,Cable,1985,2021-05-01,28889.68,9.98,1,4,38841,0.53,0.84,0.49,35.83,0,2034,11.08
A0313,Circuit Breaker,2003,2022-06-25,47824.33,1.27,10,8,74548,0.33,0.85,0.63,82.78,1,2031,0.0
A0314,Transformer,1990,2021-07-02,10423.49,9.08,80,6,84565,0.84,0.77,0.09,2.26,1,2026,5.45
A0315,Circuit Breaker,1992,2023-06-29,5908.58,6.6,72,7,47660,0.91,0.88,0.49,24.38,1,2031,6.27
A0316,Circuit Breaker,2013,2023-06-30,42771.12,9.76,56,0,51281,0.8,0.81,0.16,15.26,0,2028,9.58
A0317,Cable,2004,2022-10-12,22237.92,5.19,89,1,1767,0.28,0.6,0.37,85.92,0,2028,9.23
A0318,Circuit Breaker,1986,2024-03-05,42424.96,8.63,50,7,4895,0.18,0.3,0.33,46.75,0,2025,12.92
A0319,Circuit Breaker,1983,2022-05-12,44707.97,1.56,12,8,59026,0.64,0.89,0.43,40.42,0,2027,0.0
A0320,Cable,1987,2021-01-07,3591.65,4.02,89,3,43968,0.15,0.84,0.57,44.95,0,2029,3.64
A0321,Circuit Breaker,1999,2024-06-03,44231.51,1.6,81,9,41097,0.71,0.47,0.89,97.19,1,2029,1.11
A0322,Circuit Breaker,2008,2020-04-19,22691.79,9.78,60,9,16332,0.58,0.04,0.4,85.03,1,2026,13.11
A0323,Circuit Breaker,1989,2023-08-03,25766.41,8.35,26,8,15621,0.7,0.64,0.97,70.64,1,2028,11.52
A0324,Transformer,2013,2019-11-09,31516.33,8.67,78,3,77870,0.63,0.05,0.75,29.05,1,2025,5.65
A0325,Transformer,2005,2022-08-10,46355.94,9.44,41,9,19174,0.48,0.93,0.51,16.52,1,2033,12.43
A0326,Transformer,1982,2024-08-01,1446.25,1.77,36,9,41502,0.28,0.96,0.64,92.14,0,2025,1.27
A0327,Cable,1985,2022-03-24,24103.75,4.47,23,9,37674,0.38,0.19,0.11,42.31,1,2030,4.79
A0328,Recloser,1984,2020-05-28,34542.24,1.64,43,8,38260,0.57,0.68,0.84,27.88,0,2031,1.45
A0329,Circuit Breaker,1984,2022-10-05,36273.99,2.9,6,6,43498,0.69,0.09,0.58,47.09,1,2027,2.39
A0330,Circuit Breaker,2002,2023-10-16,34780.36,3.06,69,1,68609,0.8,0.73,0.98,91.78,0,2025,0.05
A0331,Cable,1988,2020-02-19,7154.54,5.22,43,8,50464,0.79,0.35,0.63,38.71,0,2031,4.38
A0332,Circuit Breaker,2014,2021-08-25,15320.08,3.42,25,3,72805,0.98,0.68,0.83,56.26,0,2027,0.05
A0333,Transformer,1999,2021-05-01,18256.42,1.91,18,7,65919,0.36,0.37,0.79,80.3,0,2034,0.0
A0334,Recloser,2014,2020-12-05,40319.64,2.51,62,6,55469,0.16,0.15,0.35,42.71,0,2030,0.73
A0335,Switchgear,1997,2023-01-17,14298.61,2.33,13,6,18194,0.41,0.41,0.26,23.35,0,2030,4.26
A0336,Circuit Breaker,1996,2024-08-12,10929.9,9.76,43,7,27811,0.77,0.11,0.43,99.45,1,2028,11.93
A0337,Transformer,2003,2022-06-29,47893.68,7.83,78,0,73377,0.49,0.58,0.47,95.66,0,2035,5.12
A0338,Switchgear,1982,2019-08-11,938.73,9.71,28,4,44723,0.84,0.04,0.25,84.35,0,2030,10.18
A0339,Recloser,2011,2024-08-03,49892.13,4.96,18,1,76235,0.59,0.53,0.89,68.84,1,2035,1.5
A0340,Switchgear,2014,2020-08-18,34002.65,3.51,59,1,77298,0.94,0.89,0.54,29.49,0,2034,0.0
A0341,Transformer,1992,2021-07-06,41509.23,8.18,60,0,60238,0.95,0.84,0.97,91.34,1,2028,6.85
A0342,Switchgear,2004,2020-05-23,15083.66,3.94,63,4,3147,0.16,0.88,0.8,27.56,1,2032,7.64
A0343,Cable,1988,2024-10-25,1208.61,3.69,57,1,99919,0.51,0.92,0.55,80.08,0,2033,0.0
A0344,Switchgear,1983,2023-07-25,37024.54,3.09,92,3,39445,0.65,0.1,0.94,91.83,0,2026,3.01
A0345,Circuit Breaker,1993,2022-10-15,41790.16,2.17,51,2,54803,0.33,0.13,0.5,60.3,1,2031,0.4
A0346,Circuit Breaker,2013,2021-06-25,37153.57,3.31,56,2,62108,0.47,0.56,0.88,80.31,0,2033,1.0
A0347,Cable,1990,2022-05-05,7571.09,4.2,27,1,3013,0.71,0.89,0.36,79.17,1,2033,7.96
A0348,Transformer,1982,2020-09-01,37794.68,7.07,32,5,86617,0.3,0.97,0.38,19.32,0,2029,2.91
A0349,Circuit Breaker,2007,2024-07-07,38561.68,1.56,9,1,83410,0.64,0.05,0.42,66.79,1,2025,0.0
A0350,Recloser,2008,2021-01-12,33097.76,2.89,96,7,54502,0.73,0.36,0.55,9.35,0,2030,1.27
A0351,Circuit Breaker,1988,2022-02-15,38422.74,8.28,84,7,38755,0.18,0.21,0.55,50.79,0,2032,9.12
A0352,Circuit Breaker,1982,2023-02-11,42373.11,2.32,92,4,9733,0.55,0.76,0.5,16.22,1,2025,5.1
A0353,Transformer,2004,2020-05-16,30873.4,4.08,97,9,10479,0.34,0.64,0.31,41.63,1,2026,7.07
A0354,Switchgear,2013,2019-08-24,4885.93,8.78,68,6,76361,0.75,0.12,0.92,83.3,1,2025,5.93
A0355,Circuit Breaker,1991,2024-02-05,24637.58,2.39,46,3,22304,0.27,0.48,0.59,98.72,1,2029,3.92
A0356,Cable,1988,2021-02-18,4343.64,1.74,98,0,36694,0.9,0.69,0.41,31.8,0,2026,1.72
A0357,Switchgear,1994,2024-04-09,20673.38,5.36,67,1,82171,0.49,0.78,0.65,53.2,1,2034,1.37
A0358,Recloser,2004,2023-02-25,20651.77,3.72,26,9,87296,0.28,0.02,0.76,51.13,1,2034,0.0
A0359,Transformer,1984,2023-02-09,3767.49,6.07,8,9,10490,0.49,0.89,0.95,95.44,0,2028,9.38
A0360,Recloser,1990,2024-04-11,17766.62,8.23,6,3,22252,0.47,0.57,0.5,47.86,0,2025,10.71
A0361,Switchgear,2013,2020-02-08,5994.41,2.23,80,0,7862,0.49,0.81,0.12,69.91,1,2031,5.18
A0362,Switchgear,2003,2024-05-14,40507.64,6.23,24,7,70959,0.63,0.81,0.44,92.18,0,2032,3.5
A0363,Switchgear,1994,2024-03-22,47410.56,5.55,48,8,11450,0.57,0.19,0.48,37.34,1,2029,8.68
A0364,Recloser,1987,2023-04-15,4079.67,2.3,94,3,57022,0.23,0.11,0.89,90.21,0,2026,0.33
A0365,Switchgear,1984,2023-02-10,47778.2,6.62,45,9,62991,0.16,0.72,0.4,91.75,1,2032,4.76
A0366,Recloser,2005,2024-04-12,26367.54,3.46,13,2,41927,0.76,0.16,0.94,93.07,0,2025,3.19
A0367,Switchgear,1997,2021-03-05,15328.5,5.39,69,1,89090,0.6,0.85,0.49,27.04,1,2031,0.71
A0368,Cable,1985,2023-06-18,4304.67,1.74,25,4,50853,0.42,0.73,0.96,40.04,1,2025,0.3
A0369,Switchgear,1992,2022-07-27,25280.9,5.14,20,2,32826,0.83,0.84,0.02,87.04,0,2030,6.06
A0370,Recloser,2007,2019-12-09,39828.52,3.76,82,9,43879,0.45,0.3,0.89,35.92,0,2030,3.35
A0371,Circuit Breaker,1984,2019-12-25,35500.78,8.4,82,6,58265,0.82,0.32,0.92,60.03,1,2029,7.3
A0372,Switchgear,1992,2020-11-04,2986.19,1.51,66,5,73361,0.38,0.67,0.95,11.81,1,2026,0.0
A0373,Circuit Breaker,1996,2022-10-25,4108.64,4.77,74,0,78990,0.17,0.03,0.02,5.63,0,2026,1.0
A0374,Cable,2011,2023-06-11,20442.23,5.13,45,7,90787,0.94,0.73,0.18,41.2,0,2033,0.24
A0375,Transformer,2008,2024-05-04,15116.88,7.53,47,1,87184,0.46,0.84,0.65,57.89,0,2029,3.39
A0376,Cable,1982,2023-08-28,12003.02,6.17,63,4,41736,0.81,0.42,0.03,39.27,0,2029,6.36
A0377,Switchgear,2013,2023-09-24,14409.72,7.0,76,8,25530,0.35,0.76,0.07,57.77,0,2031,8.95
A0378,Circuit Breaker,2006,2024-02-24,40272.4,7.99,77,7,79052,0.68,0.17,0.23,51.51,0,2030,4.74
A0379,Circuit Breaker,1992,2020-07-31,46496.79,8.76,55,1,48058,0.89,0.32,0.51,68.57,0,2026,8.74
A0380,Recloser,2012,2020-06-16,20552.58,3.82,75,8,75094,0.14,0.97,0.54,64.95,0,2035,0.29
A0381,Circuit Breaker,1985,2020-11-07,45352.49,5.84,19,4,75255,0.85,0.99,0.04,42.42,0,2025,2.62
A0382,Recloser,2003,2021-01-02,16414.04,8.56,35,9,5886,0.61,0.51,0.18,42.5,1,2029,12.74
A0383,Transformer,1998,2024-09-06,24083.63,9.91,53,5,94721,0.65,0.93,0.5,14.08,0,2028,5.4
A0384,Switchgear,1995,2021-12-31,11688.44,9.01,26,2,38387,0.57,0.52,0.59,51.32,0,2027,10.0
A0385,Recloser,2007,2023-08-30,32203.56,4.34,14,2,22575,0.89,0.29,0.16,58.72,1,2026,6.16
A0386,Transformer,2012,2024-02-29,48959.57,2.76,45,9,40643,0.14,0.27,0.4,47.65,1,2034,2.51
A0387,Circuit Breaker,1992,2020-04-01,30372.91,5.4,44,7,11100,0.33,0.93,0.9,32.57,1,2026,8.54
A0388,Circuit Breaker,2004,2023-10-09,18211.8,7.67,88,9,61356,0.89,0.17,0.99,72.16,1,2028,6.14
A0389,Transformer,2015,2020-03-14,32566.96,5.43,65,9,8856,0.78,0.58,0.98,7.47,1,2026,8.8
A0390,Circuit Breaker,2006,2021-02-25,6584.57,5.35,51,1,39169,0.12,0.56,0.87,91.44,1,2028,5.67
A0391,Transformer,1986,2023-01-07,44488.62,8.54,43,1,29804,0.57,0.74,0.4,2.06,0,2027,10.31
A0392,Recloser,1984,2023-07-07,25402.66,4.25,86,4,36790,0.58,0.5,0.68,96.24,1,2033,4.63
A0393,Recloser,2010,2022-12-31,22742.81,8.74,23,5,31988,0.46,0.27,0.42,46.24,1,2031,10.33
A0394,Transformer,2002,2020-05-24,29500.31,4.66,56,1,77448,0.37,0.17,0.65,41.27,1,2035,1.03
A0395,Recloser,1989,2024-11-14,31426.8,3.95,19,4,39506,0.71,0.62,0.31,25.64,0,2027,4.01
A0396,Recloser,2011,2024-11-10,4052.9,5.09,82,6,88904,0.29,0.72,0.6,1.01,1,2032,0.38
A0397,Recloser,2009,2023-10-17,34289.55,7.86,76,9,68306,0.82,0.57,0.52,27.48,0,2033,5.66
A0398,Cable,2010,2022-01-14,12475.62,2.13,55,9,13305,0.82,0.74,0.03,10.94,1,2031,4.52
A0399,Switchgear,1997,2019-11-29,35840.66,2.77,92,7,10969,0.47,0.14,0.78,65.98,1,2030,5.5
A0400,Circuit Breaker,2015,2024-08-17,41215.47,9.56,92,6,13404,0.36,0.88,0.02,31.91,0,2028,13.14
A0401,Cable,1981,2021-02-11,40295.95,2.58,60,7,9989,0.36,0.58,0.3,76.72,0,2029,5.37
A0402,Recloser,1993,2021-05-08,27848.8,6.11,59,8,66305,0.53,0.13,0.02,20.69,1,2032,3.83
A0403,Transformer,1992,2021-10-08,26248.41,6.21,33,4,36983,0.75,0.46,0.38,90.02,0,2027,6.89
A0404,Recloser,2008,2021-06-29,7572.36,5.41,19,4,40462,0.42,0.84,0.07,52.3,0,2026,5.61
A0405,Switchgear,1991,2021-10-25,38879.63,6.8,28,9,20360,0.65,0.9,0.91,11.45,1,2027,9.24
A0406,Recloser,1981,2024-07-20,13934.76,3.07,52,3,86657,0.44,0.26,0.42,40.08,1,2031,0.0
A0407,Transformer,2011,2023-12-07,25086.42,5.97,49,8,27287,0.37,0.71,0.46,20.68,1,2032,7.58
A0408,Switchgear,1992,2021-08-11,14571.57,4.35,37,4,66472,0.12,0.1,0.35,19.97,0,2025,1.77
A0409,Recloser,2006,2020-04-28,7124.5,6.96,26,1,62313,0.1,0.03,0.62,50.64,1,2031,5.22
A0410,Switchgear,1996,2020-07-09,31663.11,2.27,99,9,35160,0.3,0.56,0.78,67.19,1,2033,2.49
A0411,Circuit Breaker,2010,2024-07-27,3189.44,6.14,98,7,7789,0.47,0.69,0.65,91.16,0,2027,9.73
A0412,Circuit Breaker,2013,2019-09-21,37557.94,2.67,99,6,28181,0.87,0.8,0.74,50.22,0,2027,3.65
A0413,Recloser,2003,2021-05-28,16220.55,3.51,40,7,15385,0.82,0.34,0.9,96.58,1,2032,5.91
A0414,Switchgear,2014,2023-07-07,506.67,2.97,80,2,83597,0.34,0.01,0.86,94.16,0,2028,0.0
A0415,Transformer,1985,2023-09-11,25800.89,2.65,38,3,66641,0.32,0.48,0.67,86.51,1,2032,0.0
A0416,Recloser,1998,2019-08-28,2819.17,8.43,77,4,45247,0.3,0.02,0.22,50.0,0,2029,8.64
A0417,Circuit Breaker,2009,2021-11-01,14170.39,3.57,87,5,87673,0.41,0.09,0.63,14.09,1,2027,0.0
A0418,Circuit Breaker,1986,2020-10-18,35495.34,9.34,54,0,6544,0.55,0.33,0.51,21.79,0,2028,13.58
A0419,Recloser,1989,2021-07-04,3603.14,9.73,22,3,14275,0.49,0.44,0.71,64.77,0,2028,13.25
A0420,Switchgear,2011,2019-11-04,42047.26,6.14,16,9,64248,0.3,0.28,0.83,42.18,0,2032,4.07
A0421,Circuit Breaker,2013,2022-07-13,689.09,2.29,28,4,35550,0.22,0.58,0.74,14.68,0,2030,2.47
A0422,Switchgear,2007,2019-10-01,12717.78,4.37,35,6,54693,0.11,0.06,0.84,47.9,1,2031,2.97
A0423,Circuit Breaker,1994,2020-10-10,37174.75,8.18,60,4,20641,0.24,0.14,0.07,1.74,0,2033,10.81
A0424,Circuit Breaker,2009,2023-08-18,16155.37,4.31,45,0,72749,0.73,0.7,0.04,73.39,1,2030,1.09
A0425,Cable,2008,2022-02-03,5543.67,1.78,46,6,81021,0.32,0.14,0.26,7.36,0,2027,0.0
A0426,Circuit Breaker,2001,2021-01-04,18331.58,6.01,72,7,16605,0.52,0.64,0.89,62.91,0,2027,8.7
A0427,Transformer,1983,2019-09-01,13884.47,8.61,55,6,51713,0.63,0.05,0.82,79.3,1,2035,8.2
A0428,Recloser,1999,2024-02-05,42214.24,8.16,86,3,21390,0.9,0.41,0.68,13.26,0,2027,10.72
A0429,Recloser,2011,2024-04-16,16010.72,2.58,85,7,76403,0.9,0.18,0.7,51.86,0,2034,0.0
A0430,Switchgear,2015,2020-02-13,39552.16,7.05,26,4,59466,0.77,0.11,0.72,77.91,1,2026,5.61
A0431,Circuit Breaker,1983,2022-05-25,44647.67,2.98,85,9,4981,0.13,0.57,0.93,26.06,0,2025,6.34
A0432,Transformer,2006,2021-12-09,21973.96,2.96,25,8,10493,0.62,0.93,0.83,16.29,1,2035,5.76
A0433,Switchgear,1996,2022-05-11,45542.19,8.87,65,9,72218,0.81,0.05,0.62,33.68,0,2034,6.45
A0434,Cable,1991,2024-08-13,19177.24,3.25,6,4,72318,0.12,0.42,0.66,55.47,0,2025,0.0
A0435,Switchgear,2001,2022-01-31,48221.88,3.37,23,0,96335,0.59,0.71,0.22,57.53,0,2028,0.0
A0436,Switchgear,1996,2021-01-16,4919.83,1.01,64,8,17984,0.87,0.46,0.65,13.09,1,2027,2.75
A0437,Circuit Breaker,1989,2023-07-22,34507.45,8.84,87,4,23760,0.53,0.81,0.43,45.76,0,2029,11.27
A0438,Cable,1980,2022-05-16,24943.8,8.13,43,5,92529,0.1,0.18,0.16,26.83,0,2033,3.55
A0439,Switchgear,2001,2023-04-15,19688.62,6.65,23,3,2524,0.11,0.96,0.8,84.2,0,2032,10.85
A0440,Transformer,2005,2024-04-13,31819.24,7.75,96,5,50402,0.47,0.39,0.51,31.36,0,2033,7.33
A0441,Transformer,1997,2023-04-11,35340.93,2.37,30,7,92656,0.24,0.34,0.97,83.87,0,2029,0.0
A0442,Recloser,1993,2024-01-24,715.98,5.12,77,2,66614,0.7,0.87,0.29,42.86,0,2032,2.65
A0443,Cable,2008,2023-05-17,8764.18,4.16,18,4,36891,0.74,0.56,0.48,72.66,0,2028,4.51
A0444,Cable,1991,2022-02-01,35795.78,1.84,87,1,92009,0.26,0.52,0.45,51.01,0,2029,0.0
A0445,Recloser,2015,2024-05-08,33486.08,5.38,79,1,40832,0.9,0.73,0.13,62.2,0,2027,5.54
A0446,Switchgear,2014,2022-01-30,48319.35,9.29,97,6,46836,0.5,0.58,0.43,39.54,1,2029,9.48
A0447,Cable,1991,2020-05-21,38171.37,1.36,21,9,74953,0.23,0.16,0.29,76.82,0,2027,0.0
A0448,Transformer,1986,2020-12-22,47563.25,3.62,57,9,14362,0.79,0.67,0.17,42.52,1,2029,6.14
A0449,Transformer,2008,2020-12-03,35275.75,2.87,23,9,67745,0.81,0.13,0.29,45.75,1,2035,0.0
A0450,Circuit Breaker,1990,2021-02-01,15253.58,3.14,91,5,38921,0.68,0.81,0.24,51.77,1,2029,3.12
A0451,Cable,2012,2022-01-24,5715.56,9.18,45,3,71434,0.87,0.99,0.73,83.18,0,2030,6.89
A0452,Switchgear,1985,2023-04-26,39200.28,5.21,44,4,19562,0.76,0.38,0.04,65.94,1,2033,7.47
A0453,Recloser,1994,2019-08-16,32385.39,5.2,82,0,65510,0.89,0.44,0.62,34.92,1,2025,2.85
A0454,Recloser,2011,2020-01-20,2885.21,7.85,88,6,77407,0.49,0.05,0.76,67.03,1,2034,4.74
A0455,Switchgear,1990,2020-02-09,18322.5,2.39,47,7,8610,0.77,0.01,0.48,64.24,0,2030,5.29
A0456,Circuit Breaker,2002,2022-02-22,47861.59,5.39,40,8,93918,1.0,0.92,0.92,93.1,1,2025,0.23
A0457,Recloser,2005,2021-12-05,25269.86,4.87,51,7,16791,0.75,0.13,0.7,84.14,0,2030,7.35
A0458,Cable,2013,2019-11-12,21920.09,6.37,42,4,59047,0.2,0.45,0.74,64.74,1,2026,4.86
A0459,Circuit Breaker,2013,2021-07-17,23156.13,10.0,7,2,68906,0.57,0.82,0.2,34.15,1,2032,8.09
A0460,Cable,2008,2021-11-04,10839.69,7.93,50,9,20665,0.63,0.89,0.77,77.96,0,2035,10.52
A0461,Transformer,1983,2023-01-05,18751.0,4.58,48,8,71246,0.26,0.52,0.83,57.52,0,2027,1.56
A0462,Circuit Breaker,1996,2024-07-24,18805.76,8.45,84,5,66864,0.97,0.57,0.36,98.53,1,2034,6.49
A0463,Recloser,2014,2020-05-31,3091.57,2.54,91,4,47451,0.26,0.67,0.22,24.75,1,2030,1.57
A0464,Circuit Breaker,1992,2021-01-28,38494.6,1.27,6,2,87148,0.26,0.96,0.39,7.97,1,2030,0.0
A0465,Circuit Breaker,1994,2021-10-04,21116.97,2.84,91,5,46890,0.92,0.6,0.73,6.99,0,2028,1.98
A0466,Circuit Breaker,2008,2022-01-24,41197.9,4.06,9,2,7794,0.52,0.56,0.42,64.0,0,2029,7.31
A0467,Circuit Breaker,2008,2019-08-22,42592.23,5.6,57,9,33888,0.16,0.01,0.73,93.93,1,2026,6.49
A0468,Cable,1990,2023-06-16,10993.71,6.54,31,5,7749,0.64,0.08,0.12,0.19,1,2034,10.2
A0469,Transformer,2011,2022-02-23,33039.0,9.2,21,3,47531,0.64,0.58,0.8,72.58,0,2034,9.3
A0470,Switchgear,1981,2024-04-20,23877.95,5.59,90,1,21608,0.16,0.94,0.26,65.71,0,2032,7.71
A0471,Circuit Breaker,1993,2021-09-12,44067.76,5.51,40,7,81986,0.98,0.87,0.25,73.23,1,2034,1.56
A0472,Recloser,1999,2019-12-01,11179.16,1.45,45,3,70211,0.59,0.98,0.59,35.54,0,2031,0.0
A0473,Circuit Breaker,2001,2020-02-02,34051.75,1.31,77,8,84996,0.6,0.53,0.08,82.05,1,2034,0.0
A0474,Recloser,1990,2020-11-01,30583.73,5.96,49,6,57017,0.57,0.79,0.04,4.47,0,2030,4.59
A0475,Cable,2006,2022-09-03,15117.42,4.94,87,1,58676,0.65,0.84,0.27,75.54,1,2031,3.24
A0476,Recloser,1982,2022-07-16,7261.74,8.55,20,3,12560,0.34,0.65,0.54,26.71,1,2025,12.06
A0477,Switchgear,1996,2023-10-25,32756.17,2.45,92,4,55401,0.36,0.34,0.9,47.68,1,2029,0.67
A0478,Transformer,2007,2024-05-15,37060.57,1.22,17,2,51468,0.56,0.47,0.84,82.26,0,2031,0.0
A0479,Recloser,2008,2024-10-26,16123.55,5.04,28,8,33463,0.83,0.86,0.49,27.14,1,2025,5.88
A0480,Recloser,2000,2022-05-06,32419.21,3.14,41,4,32663,0.14,0.3,0.05,18.52,1,2026,3.75
A0481,Transformer,1995,2020-01-03,20058.98,1.45,66,1,69706,0.64,0.92,0.53,68.13,0,2033,0.0
A0482,Switchgear,1999,2024-05-29,35803.74,7.52,25,2,59773,0.83,0.23,0.7,53.34,1,2027,6.12
A0483,Circuit Breaker,1985,2021-12-18,10361.16,2.0,58,8,34123,0.24,0.75,0.34,51.44,1,2030,2.28
A0484,Recloser,1998,2022-05-07,44565.64,6.47,41,6,95346,0.11,0.63,0.12,25.68,1,2031,1.34
A0485,Transformer,1984,2022-01-24,14726.78,3.53,6,1,10718,0.38,0.75,0.28,3.49,0,2033,6.4
A0486,Cable,1982,2024-03-05,18705.41,2.56,75,8,63637,0.63,0.44,0.77,41.03,0,2029,0.0
A0487,Transformer,1980,2021-10-17,3375.55,4.42,38,3,1028,0.22,0.93,0.35,10.66,0,2028,8.41
A0488,Cable,1994,2023-04-30,6019.85,8.21,6,8,63370,0.48,0.63,0.81,90.6,0,2035,6.57
A0489,Switchgear,2013,2023-07-06,26035.16,4.53,45,1,48599,0.6,0.29,0.32,4.13,1,2026,3.77
A0490,Circuit Breaker,2014,2021-07-07,13745.84,7.76,75,9,18397,0.64,0.64,0.17,43.17,0,2027,10.55
A0491,Transformer,2004,2023-06-26,41856.27,2.13,14,3,46406,0.35,0.29,0.44,5.22,0,2029,1.2
A0492,Recloser,2003,2020-09-16,1227.32,7.95,66,4,48657,0.46,0.29,0.45,9.55,0,2035,7.74
A0493,Switchgear,1991,2020-02-16,19265.16,3.13,40,1,68560,0.8,0.4,0.03,65.89,1,2026,0.14
A0494,Transformer,1997,2020-02-03,17198.6,7.1,3,9,14503,0.95,0.85,0.12,64.71,1,2028,10.17
A0495,Recloser,1994,2024-01-02,1456.72,6.09,99,0,55943,0.88,0.5,0.19,3.31,1,2025,4.85
A0496,Transformer,1995,2023-01-05,6656.24,9.36,97,6,76839,0.61,0.68,0.12,0.11,0,2028,6.55
A0497,Cable,2006,2021-12-20,20975.31,4.49,24,9,83674,0.47,0.39,0.34,7.88,1,2031,0.21
A0498,Transformer,1987,2023-07-22,24896.8,1.6,19,0,26345,0.4,0.26,0.96,76.3,1,2027,2.59
A0499,Transformer,2004,2022-06-17,20512.34,1.17,18,7,51390,0.21,0.95,0.51,58.46,0,2034,0.0
A0500,Transformer,1996,2019-09-09,26781.42,8.44,64,2,96041,0.2,0.6,0.63,3.81,1,2032,3.56
A0501,Switchgear,2008,2022-10-29,29959.02,5.72,88,9,60557,0.72,0.93,0.36,48.81,0,2030,3.95
A0502,Transformer,1987,2023-06-16,991.23,7.98,35,5,66054,0.33,0.2,0.33,71.2,0,2030,6.03
A0503,Recloser,1994,2024-06-24,23472.71,3.11,62,6,2906,0.33,0.15,0.03,86.9,1,2025,6.7
A0504,Cable,2006,2020-04-14,48193.21,4.11,1,9,41167,1.0,0.86,0.5,93.4,0,2029,4.03
A0505,Cable,1986,2023-04-19,26192.1,1.27,100,0,8961,0.27,0.68,0.48,32.74,0,2027,3.95
A0506,Transformer,1982,2019-08-13,34038.34,9.65,25,5,27140,0.23,0.19,0.16,13.58,0,2034,11.87
A0507,Switchgear,2008,2024-06-27,15937.26,7.01,45,6,59701,0.19,0.27,0.76,23.69,0,2025,5.54
A0508,Switchgear,2003,2021-08-09,38812.57,9.4,49,5,78567,0.62,0.8,0.49,77.62,0,2032,6.43
A0509,Recloser,1982,2024-10-04,38759.61,3.39,98,3,81664,0.67,0.45,0.34,97.15,0,2031,0.0
A0510,Transformer,1999,2022-06-02,26304.15,6.5,89,0,82199,0.43,0.67,0.15,46.64,1,2031,2.69
A0511,Cable,1994,2019-11-19,48812.68,7.11,16,8,82218,0.58,0.32,0.55,30.54,0,2034,3.4
A0512,Switchgear,2004,2021-03-31,6714.74,3.86,98,3,81729,0.81,0.38,0.75,42.92,0,2034,0.0
A0513,Transformer,2009,2019-09-19,1338.91,8.63,93,6,29561,0.84,0.99,0.29,30.48,0,2034,10.44
A0514,Switchgear,1993,2024-05-06,38622.83,9.52,19,6,51568,0.96,0.25,0.22,25.65,0,2028,9.27
A0515,Switchgear,1986,2023-10-24,40454.2,8.96,23,1,74302,0.84,0.51,0.52,59.38,1,2035,6.34
A0516,Cable,1996,2023-02-08,6450.26,7.65,83,0,96380,0.61,0.84,0.16,1.57,1,2030,2.61
A0517,Circuit Breaker,1999,2021-10-27,13646.35,3.5,25,7,95968,0.26,0.24,0.66,25.96,0,2033,0.0
A0518,Recloser,2015,2021-11-29,1368.84,3.53,16,7,30504,0.19,0.42,0.6,66.14,1,2027,4.42
A0519,Recloser,1988,2023-06-10,15018.78,9.67,54,6,38146,0.15,0.62,0.1,3.21,0,2033,10.79
A0520,Cable,2001,2021-04-05,38770.52,1.09,73,7,41297,0.7,0.48,0.05,8.32,0,2028,0.5
A0521,Switchgear,1981,2022-03-11,26139.05,7.44,1,2,87394,0.83,0.46,0.62,29.34,0,2029,3.26
A0522,Transformer,2003,2021-10-19,17730.73,7.36,42,1,69607,0.56,0.36,0.3,87.78,0,2031,4.95
A0523,Switchgear,1987,2022-05-21,18901.1,6.6,19,6,17939,0.15,0.59,0.09,76.49,1,2030,9.25
A0524,Cable,1990,2022-07-19,567.0,9.91,97,7,91467,0.58,0.62,0.75,2.22,1,2034,5.73
A0525,Recloser,1992,2020-03-11,15340.13,3.81,34,0,51715,0.94,0.65,0.32,50.17,0,2032,2.62
A0526,Switchgear,1996,2024-11-14,32499.71,4.06,80,9,45460,0.64,0.07,0.46,27.47,0,2032,3.54
A0527,Recloser,1987,2023-09-28,48722.62,1.71,55,8,67576,0.83,0.63,0.24,64.86,1,2032,0.0
A0528,Transformer,2000,2020-03-30,42429.51,4.99,18,3,69222,0.82,0.95,0.62,72.16,1,2027,2.24
A0529,Recloser,1997,2022-11-24,1667.95,3.35,34,3,13666,0.94,0.54,0.31,86.29,0,2034,5.9
A0530,Recloser,2009,2021-02-28,44978.75,4.09,89,2,63119,0.79,0.72,0.96,47.54,1,2030,1.8
A0531,Circuit Breaker,1997,2024-06-03,39268.32,8.51,45,5,36321,0.77,0.56,0.7,99.45,0,2031,9.63
A0532,Circuit Breaker,2010,2024-08-12,39128.62,9.42,6,0,2779,0.31,0.85,0.14,98.0,1,2033,14.05
A0533,Circuit Breaker,2011,2021-08-14,23170.79,2.67,21,5,14186,0.15,0.93,0.42,88.22,1,2034,5.06
A0534,Recloser,1990,2023-08-10,20201.26,4.35,70,1,17459,0.57,0.18,0.39,57.49,1,2034,6.68
A0535,Cable,2004,2021-09-20,15494.33,9.36,96,8,87246,0.21,0.44,0.53,39.8,1,2028,5.51
A0536,Recloser,2012,2022-08-25,3751.9,1.56,48,1,88755,0.97,0.39,0.84,36.44,0,2029,0.0
A0537,Cable,1987,2020-05-26,11797.65,1.83,39,6,6057,0.36,0.41,0.58,1.21,0,2032,4.9
A0538,Cable,1990,2021-10-23,12706.88,2.47,31,0,61663,0.87,0.13,0.07,24.92,1,2025,0.06
A0539,Circuit Breaker,2001,2022-11-01,24461.81,6.36,10,6,19733,0.45,0.81,0.65,71.88,0,2030,8.79
A0540,Switchgear,2003,2023-08-15,37498.5,2.35,30,4,20157,0.39,0.04,0.02,60.36,1,2028,4.09
A0541,Transformer,1996,2022-11-01,23953.59,9.71,18,7,36030,0.94,0.53,0.77,91.64,1,2029,11.05
A0542,Circuit Breaker,1991,2021-04-16,3363.3,5.02,60,3,20613,0.43,0.66,0.66,5.0,0,2035,7.14
A0543,Circuit Breaker,2011,2022-04-07,47910.6,5.51,88,9,84028,0.45,0.21,0.31,15.53,0,2029,1.36
A0544,Switchgear,1994,2019-11-11,47164.85,3.22,73,6,87282,0.2,0.91,0.3,78.92,0,2026,0.0
A0545,Transformer,1995,2022-02-17,39366.88,5.24,95,5,6188,0.7,0.84,0.79,35.85,1,2032,8.85
A0546,Recloser,2001,2021-10-18,49570.73,6.96,15,4,30680,0.36,0.47,0.78,11.83,0,2026,8.39
A0547,Recloser,2007,2019-11-23,27451.88,7.76,4,3,61119,0.63,0.41,0.36,99.65,0,2028,6.27
A0548,Circuit Breaker,1999,2024-06-25,48157.03,7.78,63,6,75400,0.63,0.24,0.3,78.73,0,2029,4.86
A0549,Transformer,2012,2023-10-29,4242.45,6.2,40,4,56718,0.75,0.73,0.56,40.87,0,2025,4.9
A0550,Circuit Breaker,1989,2024-05-19,18601.2,9.14,9,4,37445,0.77,0.13,0.02,82.33,1,2030,10.25
A0551,Cable,2011,2021-05-29,11656.37,8.36,9,0,6796,0.56,0.68,0.09,68.06,1,2026,12.41
A0552,Circuit Breaker,2012,2023-02-12,10193.74,7.81,26,1,48218,0.4,0.84,0.13,79.0,1,2029,7.62
A0553,Circuit Breaker,1981,2020-01-23,7469.75,1.5,4,4,40131,0.85,0.23,0.19,81.52,1,2030,1.1
A0554,Recloser,2012,2021-12-28,31309.48,1.06,81,2,9123,0.38,0.87,0.51,8.47,1,2035,3.69
A0555,Recloser,2012,2023-10-31,39175.43,2.91,16,1,9222,0.56,0.03,0.98,62.3,1,2032,5.83
A0556,Recloser,1992,2020-03-05,29125.77,6.97,15,3,25074,0.46,0.91,0.65,0.68,1,2033,8.96
A0557,Cable,2009,2020-08-03,7774.65,4.7,99,3,30825,0.87,0.12,0.07,4.35,0,2030,5.75
A0558,Recloser,2012,2024-09-16,40650.63,4.62,52,3,37839,0.49,0.65,0.53,90.4,1,2029,4.95
A0559,Transformer,1992,2024-08-01,31979.76,8.96,69,3,69322,0.45,0.25,0.5,52.76,1,2028,6.84
A0560,Switchgear,2005,2024-09-19,19714.2,9.06,5,2,57321,0.72,0.84,0.15,73.59,1,2026,8.16
A0561,Transformer,2001,2019-09-26,33869.45,9.18,20,6,26988,0.64,0.51,0.91,83.85,1,2026,11.34
A0562,Transformer,1981,2024-07-19,13365.3,3.82,79,8,36507,0.2,0.14,0.44,94.96,0,2031,4.16
A0563,Recloser,2005,2023-04-11,17587.01,7.22,18,4,99644,0.56,0.57,0.98,86.94,1,2029,1.78
A0564,Switchgear,1994,2021-01-09,45915.55,3.44,2,3,96251,0.76,0.41,0.42,48.33,1,2031,0.0
A0565,Switchgear,2013,2022-08-19,14879.97,2.72,93,1,24806,0.99,0.66,0.61,33.6,0,2035,4.05
A0566,Switchgear,1990,2020-09-26,23764.42,2.66,13,1,37901,0.67,0.88,0.11,15.45,1,2025,2.67
A0567,Cable,1982,2023-07-22,44561.99,4.08,4,4,18043,0.43,0.41,0.46,40.03,1,2025,6.31
A0568,Recloser,1985,2020-07-20,35532.21,4.87,42,6,76761,0.3,0.29,0.24,36.65,1,2029,1.34
A0569,Switchgear,1988,2024-07-18,3579.06,8.48,74,9,10752,0.89,0.01,0.83,55.96,1,2026,12.16
A0570,Cable,1985,2024-10-14,7791.5,2.08,61,9,69993,0.83,0.57,0.78,66.55,1,2032,0.0
A0571,Circuit Breaker,1988,2020-01-04,888.16,7.61,95,8,43616,0.31,0.4,0.82,97.83,1,2027,7.85
A0572,Circuit Breaker,2010,2022-04-05,31730.63,5.78,8,6,53127,0.28,0.37,0.72,72.84,1,2025,4.77
A0573,Cable,2011,2020-06-04,22659.83,3.59,67,4,75777,0.74,0.18,0.83,64.37,0,2026,0.0
A0574,Cable,1991,2020-05-29,7146.61,5.44,63,9,1453,0.38,0.43,0.21,33.51,0,2034,9.55
A0575,Recloser,1987,2019-10-05,47917.74,3.7,9,9,76432,0.38,0.98,0.45,3.45,1,2034,0.01
A0576,Recloser,1987,2024-03-24,26718.16,6.36,94,9,88362,0.24,0.3,0.69,28.81,0,2031,1.91
A0577,Circuit Breaker,2007,2020-05-24,12473.72,4.9,11,5,11976,0.34,0.6,0.63,76.84,1,2030,7.87
A0578,Switchgear,1999,2022-12-24,25279.88,2.48,99,2,71404,0.48,0.78,0.71,20.53,0,2032,0.0
A0579,Circuit Breaker,1986,2019-10-18,34141.21,2.05,42,4,82932,0.76,0.75,0.23,71.22,1,2031,0.0
A0580,Switchgear,1990,2019-09-20,4273.84,5.92,13,7,98170,0.4,0.33,0.11,57.98,0,2034,0.41
A0581,Switchgear,1999,2023-05-20,14097.84,9.12,36,0,78707,0.4,0.61,0.91,17.19,1,2032,6.09
A0582,Recloser,1995,2022-11-07,40444.79,4.1,13,0,90647,0.36,0.87,0.56,26.16,0,2027,0.0
A0583,Transformer,1983,2019-08-13,23253.41,7.6,12,6,34688,0.53,0.02,0.16,49.63,0,2030,8.73
A0584,Transformer,1985,2020-12-14,27555.57,6.93,37,4,87840,0.26,0.44,0.79,41.84,1,2031,2.62
A0585,Cable,2001,2023-06-05,21924.39,9.38,74,4,94789,0.54,0.22,0.91,77.86,1,2034,4.78
A0586,Recloser,2005,2021-04-17,2673.05,8.39,73,0,97516,0.73,0.39,0.18,73.44,0,2035,3.35
A0587,Switchgear,1982,2022-05-26,8704.61,6.1,52,8,3017,0.13,0.42,0.81,57.46,0,2025,10.16
A0588,Transformer,1993,2023-05-02,22554.31,6.91,71,0,8957,0.11,0.75,0.92,82.23,1,2025,10.51
A0589,Switchgear,1990,2021-03-01,10854.68,9.09,2,4,5792,0.17,0.09,0.93,56.27,0,2031,13.36
A0590,Transformer,1997,2019-11-04,2973.96,4.6,56,9,56982,0.58,0.51,0.91,96.44,1,2035,3.01
A0591,Transformer,1991,2019-07-26,42260.66,3.94,60,8,14237,0.87,0.56,0.55,21.72,0,2027,6.53
A0592,Transformer,2002,2024-10-15,49069.03,1.1,23,3,52586,0.1,0.49,0.36,71.41,0,2027,0.0
A0593,Recloser,1991,2022-05-31,39760.57,8.44,40,7,82787,0.94,0.73,0.02,36.99,1,2029,4.89
A0594,Circuit Breaker,1992,2021-12-01,42762.35,8.21,64,5,20252,0.2,0.38,0.07,27.9,1,2035,10.89
A0595,Switchgear,2004,2022-12-30,12477.87,1.94,85,2,11707,0.86,0.94,0.43,18.04,1,2030,4.46
A0596,Recloser,1998,2024-03-17,48051.04,6.19,23,3,35206,0.53,0.48,0.4,55.25,0,2026,7.04
A0597,Recloser,2015,2023-12-13,10247.82,5.18,29,1,95276,0.69,0.57,0.19,21.55,0,2027,0.0
A0598,Recloser,1987,2020-07-11,47595.78,2.07,78,0,4543,0.56,0.83,0.4,20.04,0,2030,5.33
A0599,Recloser,2008,2020-06-21,49743.56,9.83,90,7,45135,0.53,0.28,0.18,99.05,1,2027,10.28
A0600,Recloser,2011,2021-05-29,35730.28,2.93,51,0,36031,0.85,0.08,0.84,80.17,0,2029,3.17
A0601,Cable,1997,2023-03-06,49066.61,1.61,69,0,43929,0.78,0.71,0.3,74.83,0,2033,0.84
A0602,Switchgear,1985,2022-11-21,28692.22,6.35,95,3,66747,0.54,0.48,0.6,79.41,1,2027,4.07
A0603,Recloser,1997,2021-04-24,13347.32,7.65,89,9,58851,0.2,0.9,0.5,96.89,0,2035,6.37
A0604,Switchgear,1998,2022-02-27,22131.3,1.29,31,9,56311,0.2,0.98,0.06,57.33,0,2030,0.0
A0605,Cable,2001,2022-05-17,29881.27,6.93,50,5,66867,0.82,0.4,0.93,22.02,1,2035,4.73
A0606,Cable,2011,2023-03-03,4117.54,5.79,20,8,89780,0.58,0.42,0.53,86.22,1,2029,1.1
A0607,Switchgear,1982,2022-10-03,31305.99,1.93,55,0,58196,0.53,0.41,0.33,74.27,1,2029,0.0
A0608,Transformer,2007,2021-04-06,49068.3,2.55,81,6,74705,0.71,0.32,0.16,41.43,1,2035,0.0
A0609,Circuit Breaker,1989,2023-04-01,9910.33,6.11,2,9,58894,0.87,0.78,0.34,47.36,1,2030,4.57
A0610,Transformer,2014,2019-10-29,39733.46,3.67,25,4,88640,0.67,0.76,0.03,41.13,1,2030,0.0
A0611,Transformer,2008,2022-09-16,45440.99,9.44,13,7,15591,0.79,0.48,0.37,92.99,1,2025,12.79
A0612,Transformer,1994,2021-08-15,47213.23,8.37,92,6,98247,0.79,0.04,0.53,34.35,1,2035,3.26
A0613,Recloser,2012,2023-01-17,48026.71,9.85,70,3,49893,0.42,0.31,0.86,96.35,1,2033,9.82
A0614,Cable,1986,2019-11-08,26312.25,3.34,67,3,1727,0.35,0.29,0.68,91.03,0,2029,7.08
A0615,Transformer,1991,2021-02-14,48876.74,9.73,58,5,22359,0.82,0.81,0.12,63.05,1,2025,12.44
A0616,Cable,2009,2024-05-29,37986.86,4.88,99,5,44822,0.44,0.09,0.15,57.98,1,2032,4.55
A0617,Switchgear,2000,2020-07-24,8502.74,4.13,82,8,89534,0.91,0.81,0.43,37.01,0,2031,0.0
A0618,Circuit Breaker,2010,2020-08-19,24106.56,1.45,75,4,11929,0.16,0.67,0.2,1.83,1,2031,3.86
A0619,Switchgear,2003,2020-06-27,36057.39,1.47,84,7,61091,0.15,0.73,0.04,12.76,0,2029,0.0
A0620,Switchgear,1999,2020-04-20,12743.35,7.23,64,4,81378,0.93,0.43,0.8,75.42,0,2025,3.62
A0621,Recloser,1983,2022-03-24,32210.45,5.12,69,1,24519,0.68,0.68,0.03,47.15,1,2033,6.87
A0622,Circuit Breaker,2007,2023-06-04,33496.72,3.04,83,5,18393,0.44,0.61,0.82,14.98,0,2035,5.07
A0623,Switchgear,1999,2022-12-09,8553.64,6.53,86,8,35318,0.78,0.77,0.15,26.4,1,2033,7.43
A0624,Switchgear,2003,2022-05-22,28471.72,3.28,59,2,75531,0.71,0.45,0.97,94.78,1,2032,0.0
A0625,Circuit Breaker,2011,2021-01-01,38695.53,6.2,60,0,95192,0.58,0.47,0.6,36.71,0,2029,1.04
A0626,Circuit Breaker,2015,2022-07-11,25195.34,4.23,83,0,48934,0.19,0.64,0.73,90.77,0,2027,3.39
A0627,Switchgear,2013,2023-03-26,1099.1,8.41,62,2,82103,0.83,0.11,0.12,30.46,0,2032,4.92
A0628,Circuit Breaker,2015,2023-10-16,947.4,8.39,16,9,29840,0.88,0.44,0.85,54.32,1,2025,10.14
A0629,Switchgear,1981,2021-03-08,18172.95,5.3,88,4,90367,0.25,0.97,0.83,2.05,1,2027,0.48
A0630,Switchgear,1994,2021-07-08,46346.61,4.16,68,2,14265,0.87,0.04,0.65,52.19,0,2035,6.78
A0631,Recloser,2013,2022-06-14,11819.5,4.26,15,8,6424,0.89,0.32,0.5,63.69,1,2031,7.68
A0632,Transformer,2015,2024-06-23,31901.0,8.25,89,7,21625,0.59,0.31,0.72,23.43,1,2028,10.8
A0633,Switchgear,1985,2021-07-08,11492.76,3.95,55,2,80622,0.69,0.63,0.02,57.89,0,2031,0.0
A0634,Cable,1991,2024-03-08,16422.66,2.88,35,8,30187,0.44,0.11,0.59,64.72,0,2035,3.7
A0635,Transformer,1982,2023-03-12,42478.08,1.76,55,5,36929,0.35,0.63,0.84,68.69,0,2029,1.72
A0636,Transformer,1997,2022-06-11,36578.64,5.2,14,6,62892,0.75,0.1,0.36,77.64,0,2030,3.11
A0637,Transformer,2000,2019-10-19,5222.26,5.34,49,3,21539,0.88,0.09,0.12,31.13,0,2031,7.42
A0638,Recloser,1994,2021-01-09,21720.75,8.57,83,3,57630,0.69,0.73,0.42,56.78,0,2034,7.56
A0639,Switchgear,2012,2021-08-15,1943.9,2.99,100,1,91639,0.56,0.32,0.72,98.16,0,2031,0.0
A0640,Recloser,2014,2020-06-05,24304.06,4.43,7,4,94410,0.24,0.98,0.12,89.81,0,2031,0.0
A0641,Switchgear,2005,2020-02-15,33290.48,8.28,30,7,10215,0.15,0.04,0.21,95.27,0,2031,11.98
A0642,Recloser,1987,2024-05-12,6365.88,8.41,83,6,40385,0.5,0.45,0.15,38.61,0,2035,9.1
A0643,Recloser,2015,2023-05-01,14799.8,4.46,49,6,88580,0.14,0.11,0.79,78.69,1,2031,0.0
A0644,Cable,2009,2020-08-06,20192.91,5.13,89,5,78462,0.61,0.35,0.07,61.99,1,2027,1.47
A0645,Recloser,2002,2022-08-15,46016.79,3.73,16,2,98037,0.44,1.0,0.68,8.27,0,2027,0.0
A0646,Circuit Breaker,1993,2019-11-23,49666.12,9.39,51,4,96310,0.78,0.89,0.37,82.4,1,2031,4.64
A0647,Cable,1993,2021-06-30,2723.11,2.07,72,0,26008,0.38,0.05,0.75,67.71,1,2026,3.17
A0648,Recloser,1981,2020-03-19,38169.89,9.4,82,6,49928,0.63,0.56,0.96,19.89,1,2026,9.3
A0649,Transformer,1984,2020-06-04,18900.34,7.15,92,8,84096,0.58,0.65,0.12,7.97,1,2027,3.26
A0650,Circuit Breaker,1993,2023-04-17,19926.68,5.78,80,0,90876,0.1,0.21,0.32,83.7,1,2028,0.98
A0651,Circuit Breaker,2004,2019-10-17,37836.12,1.29,83,1,25976,0.17,0.15,0.8,7.89,1,2030,2.27
A0652,Circuit Breaker,1999,2024-03-28,45962.11,5.28,42,2,28626,0.36,0.9,0.27,9.14,0,2032,6.64
A0653,Cable,1981,2022-07-12,47570.97,4.67,17,2,99256,0.89,0.97,0.22,42.74,0,2034,0.0
A0654,Recloser,1985,2020-11-29,29067.57,2.45,63,7,60789,0.23,0.99,0.82,13.48,1,2034,0.13
A0655,Recloser,1996,2020-08-29,18177.5,6.91,45,6,5700,0.74,0.79,0.98,91.37,1,2031,10.84
A0656,Transformer,2004,2024-05-21,39483.68,9.74,77,5,64645,0.98,0.66,0.56,47.03,0,2028,8.22
A0657,Transformer,2007,2023-01-13,12924.57,6.06,7,9,74396,0.81,0.35,0.28,56.92,1,2026,2.96
A0658,Circuit Breaker,1981,2019-07-30,28421.66,7.43,27,9,8526,0.32,0.17,0.4,92.81,1,2026,11.16
A0659,Transformer,2014,2020-09-12,18249.63,1.62,10,3,40500,0.92,0.08,0.18,53.03,1,2028,1.2
A0660,Cable,1984,2021-12-05,33003.24,4.76,34,8,69049,0.18,0.69,0.76,35.36,1,2030,1.99
A0661,Recloser,1980,2023-03-05,12399.75,2.05,36,0,74366,0.52,0.78,0.77,79.72,1,2027,0.0
A0662,Circuit Breaker,1991,2021-01-10,9983.85,6.52,25,1,81317,0.9,0.83,0.87,44.29,0,2030,2.8
A0663,Transformer,2015,2023-01-31,45952.83,9.45,6,3,60117,0.68,0.91,0.04,31.85,0,2029,8.33
A0664,Cable,2002,2020-01-15,5539.28,6.96,24,2,57096,0.47,0.88,0.56,72.32,1,2029,5.74
A0665,Cable,2010,2021-07-25,25544.92,1.69,18,0,8910,0.36,1.0,0.22,80.16,0,2026,4.45
A0666,Transformer,1990,2021-09-18,11432.21,4.19,87,4,82383,0.44,0.24,0.34,79.17,1,2032,0.0
A0667,Recloser,1989,2020-10-29,2427.03,5.96,6,6,72185,0.56,0.76,0.78,97.77,1,2029,3.07
A0668,Transformer,1982,2020-04-29,2282.93,4.63,29,1,51248,0.39,0.59,0.2,78.67,1,2035,3.62
A0669,Circuit Breaker,1993,2022-05-04,9173.48,8.5,25,4,75656,0.97,0.26,0.64,76.99,1,2026,5.67
A0670,Transformer,1995,2024-05-18,43405.13,8.33,55,5,2951,0.94,0.98,0.65,85.75,1,2031,12.76
A0671,Cable,1989,2019-08-11,14482.7,6.51,81,6,66212,0.88,0.9,0.95,0.02,1,2033,4.3
A0672,Transformer,2008,2020-12-14,47547.73,4.36,46,0,76701,0.48,0.13,0.77,36.24,1,2033,0.75
A0673,Recloser,1989,2020-04-18,29290.3,3.3,24,6,80888,0.72,0.03,0.8,73.76,1,2025,0.0
A0674,Switchgear,1991,2023-07-30,22112.4,1.95,75,3,76282,0.91,0.69,0.53,59.97,1,2031,0.0
A0675,Transformer,2009,2019-09-09,29214.4,4.19,26,7,95533,0.87,0.6,0.19,17.76,0,2033,0.0
A0676,Recloser,1980,2022-06-21,26076.57,4.72,98,3,42954,0.47,0.94,0.43,30.37,1,2030,4.56
A0677,Recloser,1984,2024-07-14,38059.42,7.08,28,5,90719,0.2,0.23,0.55,33.68,0,2025,2.51
A0678,Cable,1999,2021-04-06,14483.56,6.92,3,8,9804,0.17,0.08,0.67,56.78,0,2026,10.44
A0679,Recloser,1987,2024-06-21,17975.99,1.63,75,4,93705,0.62,0.26,0.61,83.16,1,2028,0.0
A0680,Recloser,1991,2024-01-24,44757.67,4.56,38,3,1595,0.68,0.02,0.4,93.25,0,2028,8.52
A0681,Recloser,1980,2024-11-12,47349.6,2.64,61,7,30592,0.86,0.04,0.27,75.01,1,2026,3.38
A0682,Recloser,1999,2021-11-23,44681.63,2.41,78,8,41643,0.36,0.91,0.17,84.3,1,2032,2.0
A0683,Circuit Breaker,2007,2020-07-12,21262.68,8.45,51,3,63665,0.25,0.35,0.69,47.01,1,2026,6.82
A0684,Circuit Breaker,1991,2021-10-05,39128.09,1.38,90,2,21823,0.44,0.41,0.64,38.98,1,2027,2.79
A0685,Cable,2007,2020-06-24,24078.62,4.77,48,7,6972,0.42,0.02,0.68,39.27,0,2028,8.22
A0686,Transformer,1994,2020-02-14,25128.22,2.51,21,4,16882,0.22,0.27,0.38,61.6,0,2033,4.6
A0687,Recloser,1985,2019-07-26,10631.67,8.91,54,1,67394,0.71,0.8,0.27,12.42,1,2034,6.98
A0688,Transformer,1999,2022-03-25,29760.95,6.01,56,9,72055,0.56,0.62,0.75,57.95,0,2025,3.14
A0689,Transformer,1993,2024-02-02,9713.73,3.08,94,8,24769,0.75,0.75,0.77,66.51,0,2032,4.47
A0690,Cable,1981,2019-08-13,16912.45,5.52,59,2,26020,0.42,0.45,0.46,43.89,0,2029,7.18
A0691,Recloser,1988,2023-11-28,42823.99,7.58,72,1,43748,0.39,0.31,0.61,95.32,1,2031,7.8
A0692,Recloser,1999,2019-10-10,10750.25,9.62,51,0,86374,0.53,0.48,0.38,60.82,0,2032,5.9
A0693,Switchgear,2005,2022-08-03,4022.34,2.98,20,7,45912,0.89,0.32,0.7,22.0,0,2029,2.24
A0694,Transformer,2008,2023-11-15,3915.88,8.98,96,2,13879,0.14,0.84,0.83,47.92,0,2032,12.42
A0695,Transformer,1980,2019-08-20,47068.83,9.41,86,6,34798,0.82,0.3,0.68,67.54,1,2034,10.83
A0696,Circuit Breaker,2014,2023-09-15,25592.56,9.25,59,0,90826,0.43,0.66,0.51,32.36,0,2035,5.02
A0697,Switchgear,1985,2023-10-05,20765.9,6.72,71,0,47073,0.87,0.14,0.46,7.96,0,2032,6.47
A0698,Circuit Breaker,1984,2024-06-25,40638.49,6.67,9,8,76791,0.82,0.69,0.64,58.34,1,2033,3.43
A0699,Circuit Breaker,2012,2021-08-19,41873.38,4.63,1,7,67983,0.41,0.91,0.68,94.79,0,2026,1.94
A0700,Circuit Breaker,1993,2023-03-15,16943.46,7.77,29,2,44005,0.72,0.61,0.56,48.51,1,2027,8.0
A0701,Cable,1991,2020-03-07,34834.09,5.78,63,5,95731,0.24,0.56,0.62,90.61,1,2025,0.5
A0702,Cable,1999,2022-06-22,38670.58,7.1,72,2,3850,0.91,0.96,0.1,83.5,1,2028,11.24
A0703,Circuit Breaker,2003,2023-08-01,32905.21,4.86,56,3,29400,0.46,0.63,0.94,14.74,1,2029,6.08
A0704,Switchgear,2013,2022-02-20,8003.96,7.58,68,0,12953,0.51,0.26,0.78,70.82,1,2035,10.89
A0705,Transformer,2004,2024-01-11,43856.21,8.42,35,4,24535,0.74,0.29,0.38,43.55,1,2025,10.7
A0706,Switchgear,2008,2023-04-15,27185.18,2.32,3,0,76536,0.84,0.71,0.56,25.02,0,2032,0.0
A0707,Recloser,2010,2022-02-22,14482.39,8.5,7,0,76039,0.31,0.74,0.06,68.69,1,2026,5.63
A0708,Cable,2002,2024-02-18,21548.8,5.86,27,9,82029,0.7,0.3,0.05,74.27,0,2025,1.96
A0709,Transformer,1999,2023-04-20,2359.77,8.6,1,6,5055,0.45,0.35,0.26,17.99,0,2026,12.87
A0710,Transformer,2002,2020-04-20,6829.41,4.88,91,5,39170,0.43,0.99,0.69,91.44,1,2029,5.12
A0711,Recloser,1995,2020-07-20,38394.56,4.41,80,1,98944,0.72,0.1,0.85,75.11,0,2033,0.0
A0712,Recloser,1987,2023-05-10,500.58,9.24,71,1,29251,0.45,0.4,0.56,93.34,0,2033,11.18
A0713,Circuit Breaker,2000,2021-02-24,21120.01,3.26,44,6,5532,0.41,0.06,0.53,31.71,0,2026,6.61
A0714,Cable,1980,2024-11-05,26364.25,8.6,87,0,5924,0.85,0.82,0.4,93.93,1,2026,12.78
A0715,Cable,1987,2022-04-24,3204.4,5.36,41,1,49037,0.19,0.09,0.17,36.85,0,2027,4.69
A0716,Switchgear,2008,2024-10-21,48667.37,5.63,75,7,79082,0.71,0.67,0.13,5.4,0,2031,1.99
A0717,Circuit Breaker,2011,2020-04-03,11693.2,3.78,42,5,93115,0.32,0.06,0.76,76.3,1,2035,0.0
A0718,Circuit Breaker,1984,2023-10-07,15557.84,6.16,33,1,72621,0.11,0.67,0.92,70.35,0,2027,3.26
A0719,Circuit Breaker,2001,2020-06-25,15545.15,3.93,50,6,78926,0.25,0.84,0.46,59.79,0,2025,0.03
A0720,Circuit Breaker,2013,2024-06-09,11905.62,1.35,63,3,79816,0.65,0.4,0.66,48.99,0,2030,0.0
A0721,Cable,1980,2023-06-23,572.95,3.45,100,1,90654,0.74,0.52,0.91,3.22,1,2027,0.0
A0722,Cable,2005,2020-06-13,36602.57,1.06,37,5,71400,0.12,0.4,0.1,62.46,0,2025,0.0
A0723,Circuit Breaker,1989,2022-04-12,48358.85,9.81,59,8,93385,0.13,0.3,0.77,41.68,0,2028,5.42
A0724,Switchgear,2009,2020-10-07,11602.53,9.69,81,8,94102,0.91,0.8,0.61,56.02,1,2025,5.21
A0725,Transformer,1997,2024-05-19,33320.84,4.56,99,7,11702,0.17,0.27,0.6,42.93,1,2025,7.5
A0726,Transformer,1996,2023-04-03,37223.87,7.56,48,2,16385,0.9,0.72,0.3,96.61,1,2026,10.52
A0727,Switchgear,2005,2020-07-16,42497.06,4.11,5,2,10336,0.31,0.21,0.68,60.41,0,2034,7.12
A0728,Circuit Breaker,1987,2022-08-14,21420.15,7.04,48,1,66421,0.77,0.25,0.79,74.92,1,2032,4.9
A0729,Cable,1991,2022-08-03,15495.08,8.25,96,4,32225,0.38,0.34,0.12,93.63,1,2026,9.73
A0730,Transformer,2006,2020-09-14,16602.11,9.52,3,3,37021,0.87,0.59,0.53,59.16,1,2035,10.73
A0731,Recloser,1987,2020-09-17,35774.76,4.6,47,6,4782,0.73,0.45,0.11,1.21,0,2026,8.24
A0732,Recloser,2004,2024-11-11,40930.58,8.05,62,3,89877,0.46,0.75,0.87,3.43,1,2035,3.72
A0733,Switchgear,1983,2021-10-24,9489.89,3.39,99,8,90630,0.17,0.21,0.51,70.23,1,2035,0.0
A0734,Circuit Breaker,2012,2021-12-18,18861.58,9.91,14,1,50111,0.76,0.01,0.8,27.91,1,2034,9.87
A0735,Transformer,1980,2021-12-09,45146.04,1.23,63,5,90402,0.66,0.78,0.37,57.94,1,2034,0.0
A0736,Circuit Breaker,1998,2022-08-14,40431.33,6.43,61,6,85585,0.1,0.82,0.13,20.23,1,2032,2.27
A0737,Transformer,2010,2024-08-27,49250.49,6.94,31,3,43719,0.11,0.06,0.05,27.02,0,2030,7.06
A0738,Switchgear,1995,2021-09-22,37835.29,7.19,95,5,97528,0.83,0.61,0.29,50.46,0,2035,1.96
A0739,Switchgear,1993,2019-09-17,19963.16,2.08,17,6,50037,0.33,0.38,0.25,97.56,1,2028,0.78
A0740,Recloser,1984,2023-09-25,29736.57,9.45,24,3,81103,0.67,0.79,0.56,61.63,1,2027,6.23
A0741,Circuit Breaker,2005,2023-03-07,33220.21,2.63,23,7,4513,0.51,0.87,0.03,93.61,1,2025,5.98
A0742,Recloser,2007,2020-04-05,4383.56,6.6,82,8,14335,0.88,0.85,0.52,95.94,0,2035,9.61
A0743,Circuit Breaker,1981,2021-11-19,27452.6,3.0,50,0,45140,0.93,0.78,0.39,20.81,0,2027,2.34
A0744,Recloser,1985,2023-04-25,35611.38,3.76,78,6,81373,1.0,0.27,0.58,31.12,0,2033,0.0
A0745,Cable,1988,2023-12-25,8782.4,5.92,79,8,78658,0.24,0.81,0.7,77.0,0,2029,2.37
A0746,Cable,2012,2019-07-23,39141.27,4.75,79,9,35840,0.88,0.53,0.63,86.68,1,2030,5.3
A0747,Cable,2004,2021-04-25,29396.75,2.44,70,4,32007,0.34,0.05,0.97,51.92,1,2029,3.0
A0748,Cable,1992,2023-05-12,47634.98,2.54,27,1,57947,0.63,0.46,0.15,99.32,1,2025,0.52
A0749,Transformer,1988,2020-05-04,2599.9,4.76,15,9,94220,0.56,0.94,0.43,1.16,1,2034,0.0
A0750,Cable,1992,2023-04-02,13633.64,7.82,50,5,27393,0.12,0.89,0.43,29.96,0,2025,9.72
A0751,Switchgear,2010,2020-03-11,30276.92,9.08,36,6,58480,0.94,0.1,0.42,62.32,1,2028,8.07
A0752,Switchgear,1990,2024-04-04,15179.72,1.76,8,1,89290,0.17,0.74,0.66,46.93,0,2027,0.0
A0753,Transformer,1983,2019-11-05,35864.0,4.54,79,1,87335,0.72,0.81,0.49,11.66,0,2035,0.0
A0754,Cable,2013,2023-05-22,38070.76,1.9,3,9,10107,0.81,0.27,0.52,36.78,1,2032,4.57
A0755,Cable,1983,2022-04-18,5574.54,1.15,62,9,6993,0.82,0.47,0.43,2.54,0,2031,4.01
A0756,Cable,1998,2024-11-01,25935.8,6.96,47,0,97341,0.22,0.71,0.98,64.27,0,2035,1.71
A0757,Recloser,1985,2023-11-08,25690.08,6.42,77,3,94650,0.5,0.44,0.92,89.27,1,2031,1.35
A0758,Circuit Breaker,2013,2024-03-01,18779.4,2.47,98,6,53066,0.85,0.11,0.31,88.49,0,2032,0.93
A0759,Recloser,1997,2023-06-20,46679.78,3.1,88,8,43942,0.37,0.71,0.12,69.95,0,2034,2.57
A0760,Circuit Breaker,1992,2021-09-12,41461.56,1.21,96,2,17138,0.52,0.91,0.83,46.58,1,2031,3.06
A0761,Cable,2002,2023-11-16,35011.86,8.51,61,6,45527,0.35,0.65,0.99,51.2,0,2034,8.7
A0762,Cable,1998,2021-12-07,35859.17,9.77,32,6,10190,0.52,0.77,0.3,13.69,0,2026,13.71
A0763,Recloser,1990,2019-09-19,23354.95,2.22,94,6,93259,0.9,0.36,0.36,34.1,1,2028,0.0
A0764,Recloser,1980,2022-07-03,46089.23,3.08,13,1,79422,0.51,0.18,0.93,18.77,0,2035,0.0
A0765,Circuit Breaker,2003,2024-05-03,34882.47,8.82,1,5,56698,0.6,0.64,0.71,82.12,1,2030,7.94
A0766,Switchgear,1986,2020-04-29,36584.56,9.34,34,1,83315,0.46,0.33,0.3,91.48,0,2027,5.88
A0767,Circuit Breaker,2004,2023-11-23,43153.7,4.78,62,5,94710,0.51,0.86,0.58,53.69,0,2027,0.0
A0768,Recloser,2000,2022-11-20,14066.54,1.46,79,9,30086,0.11,0.12,0.94,72.78,1,2030,2.06
A0769,Recloser,1994,2024-05-04,40450.01,1.35,78,2,18322,0.36,0.43,0.81,12.15,1,2025,3.11
A0770,Transformer,1980,2024-09-15,10164.41,6.17,93,1,84569,0.49,0.4,0.74,60.85,0,2025,2.07
A0771,Recloser,1991,2020-02-18,17594.43,4.54,98,5,86610,0.67,0.94,0.73,70.28,1,2029,0.0
A0772,Transformer,1986,2023-03-16,17112.72,1.26,82,1,4435,0.51,0.15,0.18,45.28,0,2025,4.4
A0773,Switchgear,1994,2023-04-09,48937.01,6.25,71,4,54331,0.4,0.01,0.82,24.33,1,2034,5.19
A0774,Circuit Breaker,2000,2022-10-13,42898.59,1.1,93,1,29942,0.45,0.24,0.28,87.74,0,2032,1.65
A0775,Circuit Breaker,1998,2019-08-05,35207.91,8.09,31,2,60635,0.32,0.82,0.92,74.29,0,2026,6.7
A0776,Transformer,2008,2021-01-28,36489.31,3.76,64,2,30059,0.93,0.21,0.37,89.99,0,2030,4.73
A0777,Circuit Breaker,2004,2022-03-08,28322.6,1.36,25,5,58557,0.57,0.24,0.85,81.84,0,2034,0.0
A0778,Recloser,2012,2023-01-23,47380.99,6.3,38,5,53389,0.11,0.13,0.27,99.04,0,2034,5.35
A0779,Cable,2011,2024-10-06,25064.81,4.58,14,9,54014,0.12,0.72,0.51,19.22,1,2029,3.28
A0780,Transformer,2014,2019-12-10,19335.63,9.76,8,2,33826,0.98,0.07,0.11,8.67,1,2034,11.33
A0781,Circuit Breaker,2005,2022-01-18,8570.25,5.9,91,2,31297,0.3,0.33,0.66,33.7,0,2028,7.1
A0782,Transformer,1990,2022-07-06,39417.18,3.48,54,0,44890,0.83,0.28,0.83,12.9,0,2025,2.92
A0783,Transformer,2014,2023-09-13,36854.97,7.38,2,6,22322,0.15,0.56,0.71,52.31,1,2027,9.72
A0784,Cable,1987,2024-09-28,19525.57,3.44,81,7,36739,0.93,0.73,0.52,63.3,1,2028,3.69
A0785,Recloser,1993,2019-08-07,1747.07,9.14,78,1,10719,0.89,0.53,0.05,57.83,1,2026,12.93
A0786,Transformer,1989,2020-01-15,42030.37,4.37,89,3,80553,0.61,0.93,0.92,25.92,1,2026,0.38
A0787,Circuit Breaker,1981,2021-06-04,1065.19,5.95,56,9,9314,0.11,0.95,0.7,90.88,1,2026,9.36
A0788,Switchgear,1988,2019-08-29,35333.14,1.46,94,6,94831,0.33,0.36,0.74,2.12,0,2035,0.0
A0789,Transformer,1982,2021-12-31,48527.73,4.84,93,7,76164,0.47,0.78,0.79,34.8,0,2025,1.37
A0790,Transformer,2000,2021-11-08,22164.24,8.49,84,0,78028,0.51,0.74,0.74,71.9,1,2034,5.42
A0791,Cable,2005,2020-08-08,12131.18,8.25,85,3,37113,0.37,0.89,0.44,76.69,1,2026,9.24
A0792,Recloser,1987,2022-02-25,35391.11,3.02,61,5,16357,0.13,0.45,0.73,41.61,1,2030,5.25
A0793,Switchgear,1981,2024-04-20,40947.84,3.03,22,2,99865,0.63,0.53,0.62,1.69,1,2027,0.0
A0794,Circuit Breaker,1985,2022-10-21,27548.3,8.36,35,4,21365,0.57,0.42,0.85,61.8,1,2034,10.95
A0795,Switchgear,2007,2023-01-24,48368.25,9.37,16,9,40029,0.35,0.85,0.8,6.31,1,2029,10.25
A0796,Circuit Breaker,2008,2020-12-04,3057.6,1.86,50,8,2737,0.13,0.23,0.05,10.79,1,2025,5.26
A0797,Recloser,2005,2019-12-15,25487.38,5.05,43,2,75632,1.0,0.24,0.38,65.03,1,2032,1.66
A0798,Circuit Breaker,2004,2023-04-12,36063.47,4.04,17,4,86474,0.53,0.37,0.04,31.25,1,2028,0.0
A0799,Cable,1991,2023-11-20,43200.7,8.84,80,7,79218,0.78,0.23,0.11,34.8,0,2033,5.71
A0800,Cable,1984,2021-08-19,9373.15,1.75,58,5,28499,0.51,0.56,0.6,48.68,1,2028,2.55
A0801,Cable,2013,2020-12-13,40100.17,2.9,2,3,47157,0.14,0.13,0.87,97.86,1,2026,2.02
A0802,Cable,1994,2019-08-13,27859.0,7.77,4,7,57247,0.38,0.32,0.13,96.54,0,2027,6.67
A0803,Switchgear,2015,2022-12-25,20129.41,1.46,85,2,42034,0.39,0.91,0.45,41.63,0,2029,0.86
A0804,Recloser,1994,2024-01-31,7019.89,5.43,39,2,1294,0.85,0.41,0.9,26.55,0,2034,9.56
A0805,Circuit Breaker,2002,2022-10-16,43332.14,4.98,98,3,99072,0.69,0.75,0.81,30.26,1,2030,0.0
A0806,Circuit Breaker,1985,2023-07-18,8285.02,4.01,94,8,25596,0.35,0.11,0.52,26.88,1,2031,5.47
A0807,Cable,2000,2024-03-10,15834.5,4.55,6,4,99185,0.97,0.25,0.77,53.22,1,2028,0.0
A0808,Cable,2002,2020-07-07,14857.25,5.77,81,7,12434,0.39,0.81,0.52,60.69,1,2031,8.84
A0809,Transformer,1995,2024-11-25,43634.99,2.45,89,5,59382,1.0,0.76,0.16,48.88,0,2034,0.27
A0810,Recloser,1994,2019-08-08,33798.8,6.15,69,2,39098,1.0,0.39,0.13,40.8,1,2027,6.6
A0811,Switchgear,2004,2023-07-14,39935.73,8.25,69,7,5655,0.27,0.95,0.19,21.13,1,2031,12.4
A0812,Circuit Breaker,2015,2023-08-15,12898.16,7.84,20,8,84029,0.38,0.91,0.35,48.25,0,2028,4.06
A0813,Transformer,1990,2021-04-22,31431.27,2.39,64,7,47228,0.54,0.96,0.92,34.11,1,2032,1.42
A0814,Transformer,1994,2024-06-22,28801.43,2.34,16,3,4771,0.7,0.43,0.79,54.16,1,2033,5.62
A0815,Circuit Breaker,1983,2023-08-06,41725.1,3.41,51,5,75099,0.58,0.2,0.43,67.52,1,2031,0.0
A0816,Switchgear,2000,2020-06-26,45351.31,4.25,37,0,57799,0.97,0.63,0.49,63.33,1,2032,2.52
A0817,Transformer,1992,2021-12-03,1101.76,4.68,73,3,63257,0.75,0.68,0.27,46.25,0,2032,2.47
A0818,Transformer,2001,2023-05-16,33863.99,7.12,69,7,18558,0.29,0.13,0.7,55.61,0,2026,9.79
A0819,Recloser,1998,2022-06-12,3065.87,1.51,42,0,59436,0.19,0.79,0.8,28.49,0,2033,0.0
A0820,Switchgear,2013,2023-05-24,27668.5,1.31,57,2,93103,0.72,0.02,0.24,2.42,0,2030,0.0
A0821,Transformer,1993,2019-08-17,14737.82,4.53,66,0,33376,0.24,0.48,0.05,62.5,1,2035,5.3
A0822,Switchgear,1983,2019-07-15,15685.44,7.27,9,8,88458,0.81,0.33,0.62,25.26,1,2028,2.96
A0823,Circuit Breaker,2006,2024-04-09,17971.45,2.74,100,1,78924,0.38,0.74,0.56,66.9,1,2029,0.0
A0824,Cable,2008,2021-11-01,31253.98,6.77,86,8,30332,0.39,0.31,0.4,74.7,0,2034,8.2
A0825,Transformer,2007,2021-07-18,17035.47,3.34,64,3,47737,0.11,0.83,0.64,91.59,0,2029,2.47
A0826,Recloser,2014,2023-05-29,36768.6,8.97,86,1,90031,0.73,0.59,0.55,95.81,0,2031,4.78
A0827,Circuit Breaker,1987,2022-08-28,20524.11,9.06,22,3,74970,0.2,0.79,0.26,1.05,1,2033,6.39
A0828,Switchgear,1995,2023-08-23,3883.48,3.68,34,9,52952,0.8,0.99,0.4,99.04,1,2031,2.34
A0829,Circuit Breaker,2015,2020-11-16,39296.11,3.07,55,5,21991,0.54,0.68,0.43,68.3,0,2033,4.74
A0830,Transformer,2009,2021-05-21,14645.04,4.7,29,6,28472,0.81,0.98,0.87,64.35,0,2028,5.98
A0831,Switchgear,1997,2023-11-13,21921.96,3.16,38,2,60946,0.63,0.03,0.95,1.52,1,2034,0.94
A0832,Cable,1981,2022-10-20,34429.47,7.05,97,2,27849,0.17,0.34,0.89,86.12,1,2034,8.78
A0833,Circuit Breaker,1992,2022-08-08,16956.58,8.43,18,9,2541,0.79,0.11,0.71,14.55,1,2028,12.92
A0834,Transformer,1983,2023-11-12,3300.99,7.06,71,7,3765,0.16,0.26,0.58,83.73,0,2030,11.2
A0835,Recloser,2005,2022-07-10,19009.09,8.42,65,4,44074,0.53,0.84,0.69,1.56,0,2032,8.74
A0836,Switchgear,2004,2024-03-19,47250.2,4.57,97,3,30283,0.26,0.03,0.93,64.6,0,2033,5.65
A0837,Circuit Breaker,2009,2024-02-24,32265.85,2.41,1,6,1769,0.78,0.52,0.25,43.48,0,2025,6.0
A0838,Circuit Breaker,1990,2020-05-28,33738.22,7.64,88,6,18806,0.92,0.57,0.53,20.08,1,2025,10.37
A0839,Cable,1986,2019-09-22,31797.97,4.24,4,8,91518,0.6,0.56,0.69,10.76,1,2032,0.0
A0840,Cable,2010,2024-10-24,10350.11,7.04,4,8,3972,0.57,0.48,0.68,44.01,1,2035,11.16
A0841,Recloser,1989,2023-08-05,21207.53,3.44,82,4,19256,0.79,0.79,0.26,12.33,0,2031,5.44
A0842,Recloser,1992,2022-05-19,37671.52,1.73,27,7,19653,0.1,0.13,0.58,48.64,1,2033,3.42
A0843,Transformer,2010,2024-04-27,5517.96,9.93,43,9,87669,0.93,0.31,0.79,62.52,1,2035,6.13
A0844,Transformer,1986,2021-10-07,14253.71,2.41,59,0,40339,0.28,0.62,0.48,82.74,1,2027,2.13
A0845,Recloser,2015,2022-02-22,14177.8,9.9,32,8,26757,0.99,0.69,0.79,67.86,1,2034,12.2
A0846,Recloser,1999,2022-02-13,21884.94,9.8,33,7,43399,0.76,0.4,0.36,6.52,1,2029,10.42
A0847,Switchgear,1983,2020-09-11,49028.25,8.14,28,5,45013,0.8,0.88,0.93,30.74,0,2027,8.32
A0848,Cable,1986,2023-03-31,3841.38,6.93,55,2,98605,0.69,0.42,0.53,28.8,1,2029,1.55
A0849,Transformer,1980,2022-05-20,26175.7,6.2,100,2,15706,0.52,0.4,0.59,91.5,1,2034,9.01
A0850,Cable,1992,2019-09-05,9378.55,8.79,60,7,39231,0.61,0.04,0.04,86.78,0,2025,9.66
A0851,Cable,2001,2023-01-15,48548.49,3.6,70,4,28909,0.14,0.55,0.18,37.01,0,2035,4.66
A0852,Recloser,2000,2020-06-04,6108.52,5.21,62,9,77631,0.66,0.71,0.63,7.12,1,2028,1.65
A0853,Switchgear,2001,2023-03-31,20478.25,6.57,80,6,58572,0.66,0.11,0.42,89.41,1,2030,5.14
A0854,Circuit Breaker,2007,2024-03-18,37025.31,4.7,34,4,86879,0.9,0.31,0.51,88.82,1,2026,0.13
A0855,Switchgear,1988,2022-03-19,35375.44,4.85,87,7,64767,0.56,0.78,0.07,85.47,1,2031,2.52
A0856,Switchgear,2005,2022-04-12,21425.07,3.97,88,9,27469,0.17,0.37,0.83,84.51,0,2032,5.24
A0857,Cable,1988,2023-12-03,17652.95,6.08,56,9,2313,0.38,0.24,0.78,48.03,1,2025,10.21
A0858,Switchgear,1994,2020-01-17,20181.81,8.66,13,3,8847,0.69,0.67,0.19,17.74,0,2028,12.56
A0859,Transformer,1989,2019-12-19,13581.68,2.81,56,1,51222,0.32,0.2,0.63,47.75,1,2035,1.51
A0860,Cable,2003,2023-06-08,10663.98,9.41,18,2,75702,0.35,0.9,0.81,49.46,1,2028,6.72
A0861,Transformer,1987,2023-02-23,24410.47,7.2,54,7,10930,0.84,0.11,0.64,48.99,1,2029,10.65
A0862,Circuit Breaker,2003,2020-09-07,13792.42,8.41,77,6,4285,0.63,0.71,0.31,53.88,0,2028,12.72
A0863,Cable,1995,2019-08-21,14729.35,6.01,43,1,36863,0.56,0.5,0.65,25.77,1,2033,6.67
A0864,Circuit Breaker,2005,2022-09-11,33009.43,8.02,39,5,17704,0.39,0.87,0.22,36.62,1,2031,10.92
A0865,Cable,2006,2019-09-10,48442.6,1.15,61,8,19705,0.76,0.13,0.32,43.42,0,2026,2.74
A0866,Recloser,1983,2022-01-28,30380.04,8.37,42,3,1555,0.36,0.68,0.25,13.11,1,2025,12.95
A0867,Switchgear,2003,2021-10-07,4310.48,1.36,81,8,22323,0.76,0.57,0.56,45.54,0,2033,2.72
A0868,Recloser,1998,2023-05-08,4241.39,9.01,79,1,71968,0.16,0.48,0.12,81.05,1,2025,6.63
A0869,Circuit Breaker,2015,2021-10-27,47595.45,9.93,18,1,67922,0.88,0.49,0.92,82.81,0,2030,8.11
A0870,Switchgear,1989,2019-09-10,15215.89,3.65,23,8,54915,0.55,0.72,0.34,41.16,0,2026,2.11
A0871,Cable,2004,2022-02-24,5057.32,2.89,54,6,11619,0.49,0.94,0.22,51.88,0,2028,5.57
A0872,Switchgear,1997,2020-08-29,30152.71,7.89,30,6,73390,0.65,0.09,0.5,3.37,1,2030,5.19
A0873,Transformer,1998,2023-02-02,31370.61,3.28,98,0,60274,0.66,0.02,0.28,67.44,0,2029,1.15
A0874,Switchgear,2015,2024-03-09,32600.99,8.79,58,5,74173,0.22,0.81,0.53,40.46,0,2035,6.16
A0875,Transformer,1989,2021-09-04,13736.4,1.93,68,6,22225,0.78,0.11,0.35,44.55,1,2030,3.39
A0876,Switchgear,2012,2021-05-29,1247.98,2.13,67,5,27739,0.35,0.99,0.14,87.37,0,2027,3.07
A0877,Transformer,1984,2022-05-24,48268.26,9.81,71,5,48708,0.91,0.62,0.27,46.18,1,2029,9.9
A0878,Circuit Breaker,2014,2021-11-03,12919.21,7.06,18,1,54019,0.84,0.65,0.44,2.12,1,2026,6.17
A0879,Recloser,2013,2020-09-25,33963.3,8.62,7,5,77154,0.41,0.2,0.04,22.75,0,2031,5.66
A0880,Cable,2012,2020-02-09,35478.18,3.92,40,3,8373,0.83,0.24,0.77,47.56,0,2027,7.09
A0881,Switchgear,2000,2020-07-22,30695.37,7.09,70,8,36281,0.42,0.66,0.62,42.44,1,2025,7.98
A0882,Recloser,1996,2024-03-31,15988.92,6.35,86,0,21187,0.19,0.91,0.6,86.04,0,2032,8.63
A0883,Cable,2001,2020-05-14,13919.26,6.43,65,7,68863,0.97,0.98,0.55,54.21,0,2032,3.95
A0884,Cable,1994,2019-12-11,30084.58,7.14,68,4,98927,0.69,0.2,0.59,68.96,0,2027,1.76
A0885,Transformer,2014,2019-10-30,43371.73,6.18,49,0,85085,0.51,0.13,0.93,46.93,0,2031,2.03
A0886,Circuit Breaker,2007,2020-08-25,47363.32,4.86,52,3,40220,0.46,0.06,0.02,43.97,1,2033,4.99
A0887,Circuit Breaker,1986,2024-07-25,5742.34,3.48,29,0,8642,0.39,0.87,0.06,44.63,1,2032,6.55
A0888,Recloser,2011,2023-12-16,8164.02,7.92,21,5,80971,0.98,0.29,0.2,41.09,0,2027,4.46
A0889,Circuit Breaker,1990,2024-05-21,47264.44,3.04,90,1,56556,0.22,0.0,0.17,53.86,1,2026,1.24
A0890,Switchgear,1989,2019-12-13,36958.49,7.23,78,4,34760,0.38,0.22,0.19,25.04,0,2034,8.3
A0891,Circuit Breaker,1988,2019-08-12,44208.19,3.1,9,6,39192,0.54,0.34,0.67,89.11,0,2031,3.05
A0892,Recloser,1993,2022-05-18,10530.32,6.63,47,1,5381,0.53,0.99,0.46,33.31,0,2031,10.54
A0893,Circuit Breaker,1992,2020-04-18,29585.5,7.72,76,5,97583,0.52,0.52,0.98,14.75,0,2033,2.57
A0894,Switchgear,2004,2021-01-27,35206.41,2.97,42,5,20558,0.26,0.2,0.23,9.66,1,2029,4.77
A0895,Transformer,1981,2022-02-15,34165.54,1.54,51,4,31782,0.23,0.33,0.31,1.34,0,2028,1.98
A0896,Recloser,2014,2023-02-27,20703.51,2.18,56,4,5782,0.33,0.33,0.97,42.29,1,2032,5.33
A0897,Transformer,1986,2024-04-20,1262.05,6.45,51,2,92417,0.92,0.02,0.83,18.76,0,2028,1.61
A0898,Transformer,2000,2023-01-02,29354.84,8.65,70,9,55712,0.2,0.14,0.47,2.16,1,2028,7.85
A0899,Transformer,1997,2020-10-25,13028.53,1.4,20,9,95945,0.78,0.7,0.55,52.0,1,2026,0.0
A0900,Cable,1982,2020-10-24,22787.59,7.61,88,1,20462,0.78,0.12,0.84,68.0,1,2025,10.17
A0901,Cable,1990,2024-03-13,47900.26,4.07,27,6,61030,0.83,0.23,0.48,8.58,1,2028,1.99
A0902,Transformer,2003,2021-02-06,20252.25,5.31,38,0,69519,0.9,0.35,0.21,46.09,0,2031,2.58
A0903,Recloser,1998,2020-10-15,42070.18,9.36,72,5,57411,0.34,0.76,0.82,74.36,1,2033,8.5
A0904,Switchgear,1983,2020-12-06,9832.76,3.99,65,5,56206,0.3,0.58,0.54,98.58,0,2033,2.38
A0905,Switchgear,2005,2023-02-26,33786.79,5.19,54,2,98469,0.52,0.69,0.16,66.72,1,2034,0.0
A0906,Circuit Breaker,2011,2024-05-06,48861.84,1.12,24,1,47950,0.34,0.57,0.51,24.48,1,2025,0.0
A0907,Recloser,2015,2020-07-21,5543.71,1.73,47,1,3523,0.76,0.68,0.41,71.66,1,2029,5.03
A0908,Cable,2012,2019-07-19,911.84,3.33,71,8,61926,0.67,0.0,0.87,59.79,0,2031,1.04
A0909,Transformer,2015,2021-02-01,21962.35,1.25,83,4,10677,0.89,0.93,0.13,21.18,1,2031,3.76
A0910,Circuit Breaker,1982,2021-01-14,5084.96,6.68,86,6,76828,0.17,0.11,0.87,85.11,0,2034,3.44
A0911,Switchgear,1988,2020-11-20,37545.03,4.84,63,4,16089,0.92,0.41,0.51,42.74,0,2030,7.39
A0912,Cable,1987,2022-05-05,45770.16,5.93,57,6,5581,0.36,0.77,0.41,96.2,0,2035,9.71
A0913,Cable,2012,2021-02-14,21984.04,2.57,55,3,12907,0.54,0.44,0.17,72.29,1,2034,5.07
A0914,Transformer,1985,2019-09-21,13306.23,3.66,60,7,6609,0.49,0.95,0.7,64.46,1,2028,6.97
A0915,Switchgear,1983,2023-09-03,22002.96,6.97,99,9,52153,0.78,0.47,0.92,72.84,1,2027,6.25
A0916,Recloser,1992,2022-12-09,36310.67,9.69,62,9,51539,0.48,0.87,0.38,47.81,1,2033,9.47
A0917,Cable,1981,2020-02-16,948.18,1.45,30,6,45143,0.95,0.81,0.25,50.52,1,2034,0.53
A0918,Transformer,1984,2021-07-02,29677.97,9.01,93,9,23936,0.91,0.98,0.55,85.12,1,2028,11.45
A0919,Recloser,2006,2022-03-27,30857.94,6.19,22,4,51182,0.88,0.93,0.79,68.09,1,2032,5.44
A0920,Switchgear,2011,2021-10-05,32065.57,6.08,75,5,96042,0.16,0.9,0.01,89.72,0,2025,0.81
A0921,Cable,2000,2023-04-25,12480.09,5.5,84,4,14163,0.87,0.73,0.63,89.08,1,2031,8.35
A0922,Recloser,1987,2023-08-15,35845.61,1.62,29,6,60758,0.8,0.37,0.59,97.65,0,2030,0.0
A0923,Recloser,1987,2019-12-08,5023.88,1.81,41,1,47057,0.19,0.11,0.32,70.02,0,2025,0.76
A0924,Recloser,1982,2022-03-23,10363.88,6.41,42,4,13537,0.2,0.69,0.45,50.23,1,2028,9.47
A0925,Cable,1982,2021-05-12,43934.77,4.07,98,9,23419,0.19,0.98,0.25,16.63,1,2029,5.76
A0926,Cable,2001,2024-06-30,37066.8,9.26,65,2,43578,0.11,0.73,0.78,70.54,0,2035,9.77
A0927,Circuit Breaker,1985,2020-01-15,1180.4,4.66,31,8,75991,0.59,0.93,0.63,29.16,0,2032,1.17
A0928,Switchgear,1981,2021-07-10,12794.62,2.29,30,5,75599,0.98,0.8,0.53,28.29,1,2028,0.0
A0929,Transformer,2002,2024-05-27,11113.12,7.43,18,9,1834,0.49,0.16,0.39,23.83,0,2027,11.83
A0930,Recloser,1981,2020-12-23,13904.91,3.64,17,2,33214,0.59,0.25,0.3,87.51,0,2026,4.28
A0931,Circuit Breaker,1996,2022-03-28,12754.21,5.73,38,6,93934,0.97,0.34,0.82,86.8,0,2028,0.62
A0932,Transformer,2014,2020-04-09,3595.05,7.28,14,3,3413,0.33,0.17,0.45,63.1,0,2035,11.5
A0933,Circuit Breaker,2013,2020-03-23,23217.56,9.1,87,2,10505,0.87,0.58,0.5,47.3,1,2034,12.9
A0934,Cable,2002,2023-06-06,36770.31,8.13,89,7,3105,0.59,0.98,0.52,67.21,1,2028,12.51
A0935,Recloser,2009,2024-10-23,30533.22,7.09,79,3,69104,0.61,0.76,0.45,60.72,0,2034,4.69
A0936,Transformer,1987,2024-01-31,33807.15,7.12,56,0,59408,0.41,0.42,0.26,41.57,0,2029,5.7
A0937,Transformer,2001,2022-05-05,4516.88,9.51,22,5,38679,0.61,0.0,0.13,37.96,0,2031,10.55
A0938,Transformer,2015,2023-12-31,47598.79,3.66,67,9,80731,0.17,0.31,0.11,38.28,1,2033,0.0
A0939,Transformer,1984,2021-04-05,42005.35,1.01,56,0,66131,0.79,0.53,0.75,58.91,1,2026,0.0
A0940,Transformer,1992,2021-11-30,40351.97,3.45,19,4,65280,0.36,0.32,0.23,64.77,0,2029,0.84
A0941,Circuit Breaker,2008,2022-04-25,41237.7,2.96,57,6,16762,0.9,0.11,0.06,45.17,0,2035,5.14
A0942,Recloser,2010,2024-02-28,46669.17,6.96,44,5,59703,0.43,0.44,0.79,96.87,0,2034,5.48
A0943,Cable,1995,2021-08-21,27440.57,6.7,98,1,82434,0.23,0.25,0.16,8.38,1,2033,2.9
A0944,Cable,2009,2022-06-21,10413.96,6.34,35,3,64079,0.73,0.91,0.62,34.7,0,2027,4.32
A0945,Cable,1995,2020-04-22,31030.79,1.15,1,1,22577,0.25,0.1,0.34,41.91,0,2025,2.45
A0946,Cable,1991,2024-03-05,37272.63,7.56,52,0,2214,0.78,0.05,0.13,1.69,0,2026,11.94
A0947,Circuit Breaker,1996,2022-08-19,37026.91,3.91,85,2,87339,0.97,0.01,0.42,36.5,0,2030,0.0
A0948,Switchgear,1995,2023-03-24,26311.73,6.99,93,2,49114,0.8,0.33,0.02,27.37,0,2029,6.58
A0949,Recloser,1991,2020-05-03,3888.71,6.01,70,6,90234,0.12,0.66,0.83,50.6,1,2025,1.32
A0950,Transformer,1987,2022-07-25,18870.09,4.08,37,0,64230,0.64,0.73,0.51,33.64,1,2025,1.68
A0951,Switchgear,1999,2019-12-23,46077.95,2.21,65,8,33980,0.73,0.45,0.15,72.62,1,2035,2.54
A0952,Cable,1982,2019-10-08,29430.22,1.85,51,5,68194,0.84,0.68,0.24,50.99,0,2028,0.0
A0953,Switchgear,1995,2022-05-17,27147.43,8.48,1,3,78806,0.15,0.36,0.45,12.98,1,2028,5.33
A0954,Recloser,2009,2024-02-18,13808.25,9.27,91,2,38792,0.53,0.67,0.2,75.01,0,2030,10.26
A0955,Transformer,2002,2022-12-10,18738.22,6.85,21,2,46807,0.58,0.04,0.27,9.92,1,2030,6.65
A0956,Transformer,2007,2022-06-24,44819.63,1.93,53,1,23301,0.25,0.39,0.53,83.9,1,2034,3.28
A0957,Recloser,1984,2024-03-06,33489.92,4.62,16,1,6141,0.39,0.79,0.83,93.14,0,2030,8.13
A0958,Recloser,1999,2019-07-29,39475.66,7.56,61,9,14777,0.5,0.8,0.4,32.24,0,2025,10.68
A0959,Cable,1980,2021-12-09,22990.1,8.02,54,4,39346,0.85,0.72,0.71,92.61,0,2034,8.75
A0960,Transformer,2009,2023-08-08,31697.24,2.06,40,8,55703,0.94,0.2,0.87,79.3,1,2033,0.19
A0961,Switchgear,2000,2022-05-12,12794.99,1.0,26,1,95977,0.67,0.25,0.22,92.24,0,2035,0.0
A0962,Circuit Breaker,1999,2024-03-30,35420.31,7.41,80,1,48819,0.46,1.0,0.8,66.63,1,2031,7.09
A0963,Circuit Breaker,1985,2024-06-30,21666.27,4.21,92,5,29469,0.33,0.1,0.75,23.56,1,2031,5.31
A0964,Recloser,2001,2021-12-28,22406.0,3.29,65,9,4845,0.98,0.18,0.36,89.45,1,2035,6.71
A0965,Cable,1997,2019-07-24,32641.46,1.12,100,1,24290,0.98,0.13,0.98,18.43,0,2031,2.24
A0966,Circuit Breaker,1987,2023-09-06,46845.89,5.86,74,3,31699,0.93,0.33,0.27,21.31,0,2026,7.01
A0967,Transformer,2011,2024-05-16,3668.31,8.66,64,5,45252,0.81,0.21,0.26,27.11,0,2026,8.91
A0968,Recloser,2012,2020-04-24,41324.79,9.62,43,4,99682,0.39,0.5,0.77,30.42,1,2030,4.56
A0969,Switchgear,1995,2024-08-01,14972.96,6.09,17,0,4293,0.84,0.48,0.44,51.45,1,2031,10.02
A0970,Recloser,1991,2024-12-02,22474.01,5.63,59,5,58089,0.47,0.9,0.33,71.35,0,2027,4.1
A0971,Switchgear,2013,2022-04-10,1584.71,1.77,23,0,17608,0.39,0.03,0.19,92.62,1,2028,3.67
A0972,Recloser,1993,2020-01-16,15401.78,5.94,7,2,67273,0.77,0.32,0.76,8.84,1,2027,3.54
A0973,Recloser,2015,2022-08-01,25380.25,4.42,44,9,17619,0.17,0.6,0.78,95.44,1,2031,6.75
A0974,Recloser,2012,2023-03-04,3280.72,6.46,53,4,79006,0.14,0.6,0.57,92.13,0,2031,2.96
A0975,Switchgear,2002,2024-05-26,24809.24,4.5,71,9,88908,0.5,0.48,0.95,5.4,1,2028,0.0
A0976,Switchgear,1981,2020-07-14,46391.98,3.16,79,4,82653,0.5,0.82,0.32,36.03,1,2031,0.0
A0977,Recloser,2000,2023-07-06,5716.96,1.85,34,9,15779,0.91,0.06,0.23,81.31,0,2029,3.94
A0978,Circuit Breaker,1981,2023-09-18,38339.82,3.83,46,5,52040,0.21,0.82,0.67,61.16,0,2025,2.61
A0979,Cable,2006,2019-08-07,20778.72,1.87,68,9,95830,0.21,0.49,0.75,77.91,0,2034,0.0
A0980,Cable,1988,2019-11-21,32931.1,2.59,78,7,57325,0.23,0.13,0.23,71.9,0,2028,0.64
A0981,Cable,1980,2019-11-30,13381.71,9.89,78,4,22630,0.13,0.89,0.09,49.68,0,2031,12.6
A0982,Switchgear,1990,2024-07-13,8394.87,5.0,16,0,13178,0.16,0.65,0.8,4.12,0,2026,7.87
A0983,Switchgear,1982,2021-08-06,8442.9,5.79,71,4,20935,0.69,0.16,0.97,58.43,1,2026,8.01
A0984,Circuit Breaker,2002,2023-06-19,3989.35,8.86,96,2,48258,0.49,0.03,0.64,4.86,1,2025,8.84
A0985,Cable,2005,2024-04-20,9689.51,9.96,19,3,23784,0.79,0.14,0.28,60.37,1,2026,12.57
A0986,Cable,1983,2021-04-06,33378.86,6.24,2,7,64722,0.99,0.61,0.99,80.04,1,2034,4.14
A0987,Recloser,1997,2020-05-25,44143.69,8.31,10,6,24027,0.69,0.18,0.89,58.5,0,2032,10.63
A0988,Switchgear,1985,2022-04-29,40799.22,3.94,50,4,97544,0.15,0.23,0.51,99.7,1,2035,0.0
A0989,Cable,2014,2021-04-17,34414.15,3.75,81,1,58853,0.19,0.03,0.82,45.59,0,2032,1.83
A0990,Circuit Breaker,2001,2020-04-30,5966.38,4.62,12,5,68359,0.89,0.72,0.81,74.88,0,2032,1.89
A0991,Circuit Breaker,1994,2023-08-31,14814.78,7.05,70,5,73388,0.57,0.81,0.93,66.72,1,2025,4.21
A0992,Cable,2001,2021-01-08,15835.44,7.14,22,9,79608,0.84,0.8,0.83,99.14,1,2025,3.69
A0993,Switchgear,1991,2023-06-01,12872.87,3.84,32,9,77669,0.87,0.13,0.64,71.32,0,2034,0.05
A0994,Circuit Breaker,1997,2023-11-06,25992.78,2.2,84,5,16111,0.93,0.9,0.61,16.4,0,2028,4.32
A0995,Recloser,2014,2019-09-30,27009.91,6.69,1,8,33312,0.95,0.67,0.47,95.55,0,2030,7.81
A0996,Circuit Breaker,2009,2020-01-11,18165.86,2.15,54,7,25161,0.6,0.9,0.62,66.78,0,2032,3.35
A0997,Transformer,2003,2022-08-11,18012.56,6.21,58,7,68313,0.41,0.45,0.79,5.93,1,2026,3.75
A0998,Transformer,2009,2021-07-21,41513.5,7.24,70,0,51374,0.97,0.44,0.96,65.76,0,2027,6.64
A0999,Switchgear,1993,2024-05-07,39570.0,7.31,83,4,25014,0.59,0.78,0.47,88.31,1,2030,9.37
A1000,Cable,1985,2021-10-21,15735.89,7.78,18,6,81308,0.16,0.09,0.57,57.7,0,2034,4.27
