Asset_Type,Total_Maintenance_Cost,Condition_Score,Failure_Impact_Score,Failure_History_Count,Operating_Hours,Environmental_Stress_Index,System_Importance_Score,Failure_Probability,Budget_Constraint_Flag,RUL,Days_Since_Maintenance
3,45406.15,9.22,4,5,81703,0.99,0.64,0.52,1,5.9,1617
2,33701.25,9.58,19,0,42445,0.73,0.59,0.83,1,10.26,2398
0,28241.81,3.94,91,6,48636,0.36,0.9,0.82,0,3.08,1557
2,5993.98,4.19,45,6,74927,0.7,0.65,0.95,0,0.73,1474
2,22629.25,5.55,43,9,79194,0.73,0.35,0.69,0,1.89,2076
1,23287.73,9.47,13,6,30685,0.43,0.97,0.21,1,11.31,599
0,43295.9,8.89,13,9,52134,0.12,0.8,0.03,0,8.48,925
0,27559.09,1.92,60,0,89916,0.73,0.63,0.48,1,0.0,1955
0,19329.83,4.53,57,3,95455,0.12,0.29,0.51,1,0.0,2225
2,48851.62,5.98,86,6,68847,0.67,0.37,0.25,1,3.42,1104
3,5980.67,5.53,92,8,40993,0.25,0.67,0.13,1,5.69,1385
0,21416.15,2.74,52,4,45333,0.61,0.07,0.58,0,2.02,656
2,2580.22,8.73,53,1,59865,0.55,0.26,0.76,0,7.52,1457
1,37125.25,7.09,86,6,80096,0.11,0.71,0.98,1,3.59,2016
3,45944.79,8.54,43,9,50756,0.43,0.48,0.75,0,8.21,1756
1,14361.85,8.73,83,0,62192,0.64,0.4,0.79,1,7.29,2338
3,42987.91,7.74,72,6,61686,0.86,0.15,0.61,0,6.19,2318
2,14964.8,4.95,72,5,49733,0.9,0.44,0.98,0,4.14,792
4,45583.12,6.49,42,6,26993,0.54,0.77,0.64,1,8.21,2087
3,37821.11,2.44,90,9,31492,0.76,0.26,0.85,1,3.05,1319
1,40342.89,7.06,26,2,21981,0.38,0.01,0.94,1,9.38,779
2,1391.32,2.61,23,2,25143,0.41,0.67,0.92,1,3.89,1348
3,48159.11,7.25,43,6,78603,0.28,0.97,0.38,0,3.92,1839
4,36470.21,3.07,77,1,90452,0.61,0.61,0.09,1,0.0,690
4,15585.18,2.06,28,0,61277,0.38,0.12,0.18,0,0.0,621
0,41555.04,2.49,9,8,50990,0.18,0.32,0.07,1,1.16,2332
0,14435.3,1.02,20,8,63888,0.72,0.87,0.11,0,0.0,1359
1,43701.32,7.47,56,6,70351,0.74,0.23,0.19,1,5.01,1660
3,6072.73,7.59,83,6,98372,0.42,0.61,0.34,0,2.34,862
3,35332.46,5.63,39,2,50999,0.17,0.4,0.54,0,4.81,1348
0,27264.57,2.45,51,9,71309,0.48,0.21,0.71,0,0.0,764
3,5278.46,1.75,12,1,13446,0.5,0.81,0.22,1,4.06,907
3,12473.74,1.17,79,6,31733,0.7,0.74,0.67,1,1.55,1986
4,1114.0,2.49,95,8,77000,0.38,0.66,0.7,1,0.0,1425
0,23704.01,9.02,55,0,49632,0.71,0.24,0.56,1,8.88,1009
2,15412.63,3.17,78,3,22576,0.88,0.1,0.9,0,4.8,2487
0,30118.7,4.19,11,5,4320,0.31,0.58,0.12,0,7.81,1428
2,15213.27,1.95,26,6,11750,0.98,0.55,0.18,0,4.46,1575
4,15346.0,3.0,42,9,54463,0.45,0.19,0.43,1,1.4,2203
1,37288.06,5.67,27,6,27572,0.34,0.06,0.13,0,7.2,1667
3,2883.07,6.47,11,9,18948,0.48,0.08,0.56,0,9.0,1008
4,45193.3,3.21,38,1,39826,0.18,0.99,0.4,1,3.11,1942
3,42687.06,1.52,98,3,90051,0.21,0.78,0.29,1,0.0,1443
1,33556.33,4.52,43,4,28867,0.47,0.92,0.18,0,5.74,1520
1,29864.47,3.11,19,0,61231,0.79,0.2,0.34,1,0.85,1490
4,44668.97,2.98,64,0,67262,0.91,0.96,0.61,1,0.1,1063
1,9673.84,9.64,6,9,92356,0.7,0.14,0.57,1,5.32,1629
2,4408.97,6.55,46,2,73233,0.19,0.51,0.17,1,3.65,2130
1,12355.75,6.01,42,9,45678,0.7,0.83,0.13,0,5.78,1723
3,39831.62,4.74,92,2,13963,0.67,0.35,0.04,0,7.49,1562
3,2216.18,4.86,65,7,65360,0.83,0.42,0.02,0,2.47,2350
3,29348.94,5.87,99,8,50434,0.84,0.13,0.87,0,5.14,654
3,49774.16,7.27,72,0,67617,0.88,0.12,0.05,0,5.05,2158
2,42856.96,7.32,59,1,21269,0.47,0.62,0.73,1,9.75,618
0,26311.56,2.55,52,9,77312,0.73,0.68,0.86,0,0.0,2203
4,3650.23,5.5,47,1,98352,0.34,0.78,0.11,0,0.0,1069
3,41652.99,4.71,7,3,80732,1.0,0.56,0.44,1,0.76,1372
1,30149.44,8.83,11,1,82494,0.26,0.65,0.95,1,5.37,2082
3,6189.18,6.68,61,6,89905,0.11,0.01,0.83,1,2.13,2208
1,5145.94,5.79,68,8,78225,0.23,0.16,0.49,0,2.26,1515
1,45526.53,2.04,25,6,83867,0.8,0.98,0.76,1,0.0,2378
3,33625.41,6.45,12,5,38528,0.5,0.08,0.83,1,7.01,973
2,41549.7,2.05,26,9,79972,0.5,0.68,0.35,1,0.0,916
1,44009.46,4.03,12,0,66602,0.96,0.18,0.88,0,1.38,1198
1,28802.73,2.29,43,9,97261,0.93,0.72,0.47,1,0.0,2411
3,26113.59,7.23,51,8,91748,0.38,0.71,0.53,1,2.58,569
1,21806.16,2.86,37,4,34332,0.29,0.23,0.99,0,3.26,780
1,16188.86,4.53,46,4,91937,0.86,0.27,0.84,1,0.0,1680
3,22012.5,9.06,53,5,79929,0.92,0.65,0.36,0,5.89,1610
3,38807.04,2.84,88,8,70206,0.59,0.39,0.02,0,0.0,1189
4,30295.21,5.57,80,7,92137,0.67,0.19,0.62,1,0.61,993
2,44679.9,4.77,13,7,3251,0.33,0.73,0.7,0,8.59,813
2,22447.31,1.16,89,7,46717,0.82,0.15,0.65,1,0.04,1537
1,30550.93,8.13,54,0,28027,0.67,0.86,0.96,1,10.02,2067
2,31749.72,1.62,57,0,98382,0.55,0.51,0.86,1,0.0,2017
1,29789.01,5.27,4,7,87551,0.15,0.11,0.45,1,0.72,2480
4,35280.37,6.05,75,4,10583,0.92,0.69,0.07,0,9.35,1304
3,12252.96,6.66,96,8,51387,0.65,0.52,0.48,1,5.97,871
3,25862.01,7.2,49,1,24104,0.27,0.3,0.69,1,9.33,1168
3,5659.13,3.28,7,8,13224,0.65,0.42,0.61,1,5.86,908
2,19533.31,1.09,11,7,61624,0.71,0.3,0.54,0,0.0,2329
4,24639.52,7.51,92,8,57058,0.57,0.26,0.47,0,6.39,1216
2,32785.1,5.82,54,3,97372,0.75,0.16,0.3,1,0.38,1803
2,47551.29,8.53,87,0,30299,0.62,0.36,0.28,0,10.25,2477
4,30232.23,8.39,45,0,79572,0.95,0.25,0.5,0,5.15,1606
4,37307.9,8.59,23,4,86469,0.15,0.68,0.17,1,4.69,2013
4,25560.17,5.37,28,1,78928,0.2,0.68,0.34,1,1.7,983
4,31888.15,4.0,57,7,74474,0.26,0.5,0.33,1,0.56,1509
3,4011.14,8.12,26,9,5141,0.72,0.78,0.59,1,12.3,609
0,13092.38,5.06,25,4,24350,0.68,0.84,0.08,1,6.82,2455
0,18411.73,2.65,54,4,76082,0.9,0.58,0.82,0,0.0,1649
4,23888.42,8.69,29,1,71871,0.76,0.62,0.56,1,6.27,675
0,2759.61,8.94,83,6,6077,0.56,0.28,0.67,1,13.16,1879
0,7431.19,5.2,97,7,47015,0.99,0.89,0.7,1,4.71,1706
4,14202.31,1.68,36,9,72147,0.34,0.02,0.3,1,0.0,716
0,48590.87,4.49,14,0,60180,0.85,0.35,0.47,1,2.56,2044
2,16901.68,8.23,78,1,41857,0.48,0.72,0.95,0,8.75,1409
1,24361.03,9.12,35,9,60840,0.68,0.08,0.76,1,7.88,789
1,10206.84,2.83,30,3,60902,0.75,0.18,0.96,0,0.56,1630
4,30733.61,1.6,92,4,6577,0.67,0.59,0.74,1,4.58,926
3,14393.82,8.9,17,1,21002,0.23,0.56,0.18,1,11.62,1290
4,10746.13,4.5,67,0,51711,0.5,0.74,0.07,1,3.42,1135
3,26070.35,5.88,80,8,40451,0.61,0.81,0.58,0,6.16,1810
1,772.54,9.71,30,0,50103,0.86,0.13,0.36,1,9.64,2322
4,879.37,1.6,93,3,29647,0.5,0.02,0.28,1,2.26,2165
2,11343.91,6.83,45,1,35831,0.93,0.69,0.8,1,7.72,2102
0,2317.71,1.67,79,3,97498,0.5,0.3,0.37,1,0.0,1311
3,5847.27,4.38,89,7,96119,0.59,0.63,0.32,1,0.0,627
0,17273.6,8.23,51,7,67830,0.82,0.15,0.84,1,6.14,1909
0,40227.99,4.9,47,8,81632,0.62,0.47,0.84,1,0.89,1930
4,28816.41,9.97,53,4,37833,0.96,0.5,0.36,0,11.17,1346
0,25877.05,6.03,64,6,93864,0.69,0.59,0.83,1,0.97,1771
2,15027.7,3.89,38,2,25398,0.57,0.51,0.84,1,5.35,1346
0,46621.81,2.98,64,9,62554,0.12,0.5,0.43,1,0.57,946
4,20152.24,4.15,87,3,51755,0.47,0.33,0.08,0,3.01,650
2,4811.09,4.35,89,9,18706,0.37,0.07,0.01,0,6.56,948
1,31044.79,1.62,7,8,23340,0.77,0.09,0.52,1,2.92,1781
0,6135.0,4.33,22,9,65994,0.29,0.43,0.35,0,1.79,2240
4,17588.55,5.18,81,9,64884,0.28,0.36,0.99,1,2.89,1613
1,25616.89,7.5,82,0,85361,0.27,0.52,0.77,1,3.54,2035
1,43774.01,6.91,41,1,18482,0.21,0.3,0.76,0,9.55,2178
3,24930.56,7.38,74,4,55225,0.38,0.69,0.95,1,6.42,2253
2,35261.81,1.08,10,2,59849,0.9,0.86,0.88,0,0.0,2124
0,49644.43,2.96,57,1,75854,0.8,0.3,0.32,0,0.0,1294
4,7008.71,6.96,7,0,42256,0.76,0.19,0.17,0,7.23,1009
3,14099.21,5.36,50,9,82110,0.82,0.12,0.74,1,1.37,1045
2,20031.52,1.05,91,2,15650,0.34,0.62,0.38,1,3.03,681
3,21380.49,8.24,52,0,47118,0.9,0.44,0.47,1,8.23,618
2,20845.54,7.96,33,0,29930,0.22,0.19,0.63,1,9.63,1508
2,45426.74,5.94,1,0,86707,0.4,0.65,0.9,1,1.59,2076
0,35844.62,1.6,53,7,12801,0.63,0.15,0.42,1,3.95,981
2,30591.31,7.9,60,2,52360,0.19,0.55,0.78,1,7.31,2291
3,15813.95,6.25,34,0,88908,0.76,0.53,0.27,0,1.73,1124
2,41277.62,8.04,4,6,17559,0.45,0.73,0.69,1,10.96,2195
0,47775.5,7.77,17,9,33334,0.81,0.06,0.01,1,9.07,1036
0,41149.31,8.23,4,2,14288,0.54,0.89,0.86,1,11.51,1733
3,577.47,5.66,43,7,23398,0.26,0.7,0.04,0,7.61,912
1,32001.87,2.26,90,3,77230,0.76,0.22,0.71,0,0.0,2124
1,3031.2,7.04,4,3,13191,0.33,0.18,0.06,0,10.24,2281
2,13251.56,6.58,1,4,19051,0.54,0.43,0.27,1,9.11,931
4,3446.47,7.68,71,5,62715,0.17,0.82,0.5,0,6.02,772
2,30387.87,2.53,94,6,11737,0.66,0.84,0.42,0,5.14,1268
3,34486.2,2.75,50,3,66140,0.7,0.52,0.2,1,0.0,2141
3,6167.14,9.01,73,7,26251,0.44,0.86,0.34,1,11.22,1187
3,19500.02,7.75,61,5,51975,0.96,0.01,0.72,1,7.17,1176
3,23083.71,9.17,35,0,6147,0.89,0.04,0.67,0,13.42,2021
3,18768.12,7.83,8,0,51508,0.74,0.91,0.08,1,7.31,2376
0,6490.74,6.37,24,8,53224,0.74,0.78,0.74,1,5.44,2438
1,21237.92,6.89,83,9,20643,0.33,0.45,0.06,1,9.32,1973
3,37683.31,9.0,36,5,39967,0.69,0.75,0.54,1,9.83,1427
4,4014.88,6.21,50,9,99850,0.28,0.96,0.26,1,0.58,591
4,4468.91,6.69,43,7,41733,0.23,0.77,0.59,1,6.97,1563
4,18061.18,2.41,27,6,85003,1.0,0.84,0.27,0,0.0,739
4,47115.42,5.27,32,5,35808,0.66,0.76,0.98,1,5.91,768
0,33594.35,7.45,78,3,68288,0.49,0.17,0.31,0,5.19,1019
4,34094.16,3.44,18,6,59959,0.36,0.83,0.25,0,1.36,1763
3,18415.04,2.82,28,8,2849,0.64,0.2,0.28,1,6.37,2243
2,29886.21,3.82,29,9,69178,0.14,0.89,0.89,0,0.88,864
4,1001.49,3.17,16,9,68136,0.19,0.46,0.63,0,0.23,699
0,31986.75,2.93,99,6,61740,0.13,0.68,0.73,0,0.59,1198
0,45707.7,4.82,47,0,87322,0.55,0.5,0.91,1,0.22,690
4,30822.39,9.17,59,9,45565,0.64,0.09,0.9,0,9.47,991
2,43748.08,5.56,31,8,21183,0.16,0.29,0.73,0,7.71,1521
4,36336.67,2.69,4,3,2132,0.75,0.98,0.2,0,6.29,1023
0,6467.64,1.69,37,2,39259,0.31,0.96,0.84,0,1.4,1226
1,45171.44,7.27,17,3,97612,0.72,0.32,0.21,1,2.04,921
3,3788.97,4.45,39,3,64668,0.98,1.0,0.74,1,2.06,1229
0,26931.39,8.4,48,9,39563,0.72,0.85,0.68,0,9.17,2467
4,7535.79,6.94,46,1,93227,0.89,0.61,0.75,1,2.1,834
3,1079.48,8.17,90,0,11931,0.95,0.04,0.53,1,11.68,2318
4,21390.7,3.45,48,9,74169,0.54,0.9,0.64,0,0.0,709
4,15104.52,7.23,39,0,51639,0.73,0.56,0.94,1,6.6,1155
1,24557.02,3.38,4,7,59901,0.87,0.87,0.11,1,1.3,2344
3,29071.39,9.45,30,1,2044,0.42,0.83,0.31,0,14.16,1036
3,2665.08,6.73,30,9,47691,0.34,0.83,0.61,0,6.42,2258
1,6588.66,3.92,22,4,25363,0.95,0.7,0.95,1,5.39,1072
0,28152.8,3.43,75,3,47694,0.75,0.29,0.1,1,2.58,2114
4,17486.78,2.72,66,7,2582,0.3,0.34,0.03,1,6.28,1150
2,36594.09,7.25,12,1,80910,0.5,0.31,0.06,1,3.69,2314
4,32788.44,2.97,94,9,67844,0.82,0.02,0.06,0,0.03,1120
4,42357.42,6.36,36,8,22301,0.59,0.58,0.9,0,8.53,1270
0,34778.39,3.38,18,6,75329,0.68,0.7,0.72,0,0.0,1777
4,21781.59,6.96,90,6,2620,0.78,0.85,0.67,0,11.2,2295
1,33811.85,8.33,53,0,63224,0.66,0.14,0.52,0,6.72,2283
1,14131.37,8.0,71,1,57655,0.59,0.54,0.78,1,6.89,1986
3,15662.52,7.85,1,3,96419,0.77,0.01,0.16,1,2.83,2475
2,39554.77,2.69,58,3,38534,0.75,0.1,0.39,0,2.64,1972
4,22597.77,1.8,90,2,40390,0.67,0.05,0.49,0,1.42,1080
4,40019.83,7.29,87,6,72629,0.42,0.73,0.12,0,4.57,547
0,41209.91,4.32,90,7,56856,0.47,0.08,0.42,1,2.7,1080
1,42949.34,4.89,6,1,50252,0.97,0.72,0.32,1,4.02,923
2,45873.44,1.28,70,3,56809,0.2,0.25,0.04,1,0.0,1151
3,21833.77,3.34,44,2,23259,0.34,0.88,0.14,0,4.93,631
1,16283.91,1.3,72,1,21655,0.54,0.81,0.76,0,2.72,718
3,29318.84,8.91,24,5,34005,0.85,0.96,0.03,0,10.32,543
0,18873.03,3.19,86,3,32629,0.25,0.88,0.93,0,3.81,1670
0,30253.17,6.02,19,5,24610,0.35,0.93,0.09,0,7.91,919
4,35426.5,1.35,18,1,58184,0.16,0.86,0.79,1,0.0,951
2,34576.05,7.0,95,3,22602,0.74,0.69,0.89,0,9.25,655
3,19040.37,3.91,30,5,86945,0.31,0.17,0.93,1,0.0,1680
1,8759.58,9.08,42,4,12110,0.45,0.27,0.86,1,12.72,1098
0,21811.2,8.99,33,2,7073,0.5,0.21,0.29,1,13.12,2110
4,7558.41,3.93,74,7,81818,0.9,0.6,0.34,1,0.0,555
4,44559.8,9.11,12,6,11195,0.47,0.5,0.43,1,12.84,1647
3,17620.93,9.97,94,2,2537,0.23,0.87,0.15,0,14.71,1560
0,8145.76,8.43,27,5,18138,0.57,0.95,0.03,0,11.36,768
2,1759.66,8.6,39,3,45328,0.97,0.4,0.86,0,8.83,2376
0,32468.21,3.24,9,4,47202,0.65,0.51,0.55,1,2.41,758
3,32026.66,6.19,21,4,41164,0.99,0.97,0.61,1,6.44,1315
3,17359.91,1.61,76,6,90743,0.86,0.28,0.92,1,0.0,1834
0,4049.74,1.85,29,4,55659,0.13,0.79,0.66,1,0.0,1241
3,20776.63,9.99,33,2,87155,0.69,0.23,0.69,1,6.25,1285
0,15905.27,3.94,62,9,50692,0.36,0.68,0.78,1,2.87,1328
1,34017.47,7.73,15,4,25845,0.6,0.25,0.12,0,9.77,1302
0,30486.07,8.26,2,6,90846,0.35,0.88,0.36,1,3.87,1252
0,18547.39,8.72,52,4,31562,0.41,0.56,0.96,1,10.35,726
3,11285.68,9.98,44,4,29036,0.93,0.19,0.91,0,12.07,1471
3,49407.78,3.17,54,8,61752,0.29,0.22,0.88,1,0.87,605
4,22973.08,1.36,18,2,75233,0.89,0.49,0.45,0,0.0,2463
4,34569.57,4.7,3,5,84049,0.13,0.96,0.85,0,0.41,1482
1,7457.37,2.17,7,0,69681,0.18,0.77,0.06,0,0.0,2405
4,24536.69,1.2,43,9,28818,0.87,0.49,0.16,1,1.88,1382
0,1863.07,4.24,82,4,31544,0.67,0.34,0.42,0,5.14,1723
3,25520.03,8.05,38,7,63532,0.77,0.55,0.48,0,6.36,993
4,48218.86,6.1,37,4,79636,0.29,0.75,0.27,1,2.48,1107
4,19518.23,3.82,58,8,58705,0.58,0.78,0.36,0,1.93,1966
1,2430.3,6.89,33,5,21104,0.76,0.32,0.17,1,9.27,1466
1,2032.31,3.09,59,7,70603,0.66,0.72,0.49,1,0.0,975
0,19705.34,1.13,95,9,60025,0.52,0.66,0.79,0,0.0,613
3,8421.23,7.88,11,7,97264,0.96,0.96,0.66,1,2.78,627
1,1655.93,6.61,68,2,33317,0.71,0.93,0.12,1,7.72,1558
4,37932.57,7.86,82,6,32416,0.92,0.79,0.49,0,9.26,1371
3,23196.89,1.35,68,6,43012,0.76,0.72,0.69,0,0.63,1750
3,14817.62,8.53,98,9,69045,0.76,0.27,0.53,0,6.37,2055
4,45054.12,6.58,93,5,22400,0.17,0.85,0.39,0,8.78,613
1,6248.88,6.07,88,6,49270,0.42,0.43,0.62,1,5.49,569
4,47817.98,6.62,22,1,73069,0.87,0.27,0.96,0,3.75,1935
3,16041.35,8.78,66,8,50833,0.31,0.38,0.1,0,8.49,2171
2,44475.98,6.28,44,9,64644,0.2,0.84,0.39,0,4.19,1985
2,30345.67,6.23,6,9,81206,0.39,0.15,0.41,1,2.48,934
0,41422.01,9.92,42,0,70468,0.3,0.46,0.58,1,7.84,2033
4,49208.65,7.81,25,0,60473,0.93,0.49,0.16,1,6.39,1190
4,14776.07,4.98,57,2,46809,0.88,0.04,0.18,1,4.47,1567
0,48076.21,7.37,85,2,39328,0.55,0.2,0.29,1,8.0,2195
0,19779.35,4.5,55,0,37784,0.16,0.83,0.95,0,4.82,674
0,19582.84,3.06,16,6,24723,0.74,0.83,0.73,1,4.45,803
3,17349.16,6.37,95,3,61646,0.66,0.29,0.66,1,4.6,758
4,27299.68,9.35,14,9,67255,0.97,0.87,0.81,1,7.5,2376
3,8130.18,9.36,39,1,1074,0.6,0.77,0.14,0,14.15,2477
0,27908.72,4.08,28,9,27498,0.4,0.42,0.85,0,5.36,892
4,27314.39,5.75,96,4,66522,0.57,0.75,0.59,1,3.39,1778
3,38214.14,2.9,92,5,97881,0.98,0.96,0.34,0,0.0,2201
3,41765.67,9.96,51,8,21541,0.73,0.46,0.81,1,12.79,962
0,22301.85,9.83,49,3,46929,0.7,0.24,0.8,0,10.1,925
4,15465.5,6.85,9,1,27028,0.32,0.94,0.84,0,8.63,1761
0,13337.08,8.24,58,4,30545,0.77,0.6,0.12,1,9.89,1941
4,10133.88,7.44,45,2,80569,0.78,0.11,0.96,0,3.95,1025
2,3353.56,6.34,22,1,32673,0.39,0.57,0.95,1,7.47,1066
1,17451.17,1.48,32,0,31974,0.54,0.5,0.36,1,1.89,1089
1,13877.26,5.09,69,9,59899,0.37,0.86,0.07,1,3.29,2041
1,48337.66,7.07,87,1,24097,0.33,0.53,0.17,0,9.18,968
0,28106.59,7.1,69,5,94144,0.12,0.26,0.98,0,2.19,1811
2,17690.21,4.36,42,7,65824,0.36,0.68,0.56,1,1.84,1299
4,29233.15,9.48,53,2,24525,0.6,0.54,0.36,1,11.94,876
3,7390.24,2.51,96,8,58804,0.1,0.23,0.29,0,0.4,1902
4,22480.17,5.5,59,8,16043,0.35,0.57,0.26,1,8.16,1046
3,31498.6,7.22,74,1,42846,0.89,0.82,0.66,0,7.47,1870
4,24700.44,7.27,39,7,78261,0.63,0.03,0.42,0,3.98,664
2,20388.05,6.84,15,9,51227,0.65,0.63,0.96,0,6.19,2100
3,49695.5,3.48,71,4,54028,0.46,0.35,0.68,1,2.0,2173
0,44075.58,2.41,29,3,38383,0.71,0.29,0.79,1,2.33,1518
4,31358.59,6.72,3,9,30483,0.27,0.39,0.3,0,8.13,894
4,28684.18,6.39,83,4,8265,0.84,0.34,0.09,1,9.97,1770
3,31222.69,2.61,10,3,23763,0.21,0.83,0.49,1,4.03,1887
0,10464.95,7.35,92,7,76652,0.69,0.27,0.32,0,4.23,1773
0,20059.32,5.1,29,3,16733,0.41,0.73,0.21,0,7.63,2198
2,2453.25,7.01,79,9,92038,0.77,0.09,0.94,1,2.3,2318
0,24039.53,8.54,35,5,38420,0.59,0.95,0.45,0,9.45,886
0,27379.72,2.53,6,1,10247,0.51,0.62,0.18,1,5.29,1447
0,11773.61,1.17,12,4,24840,0.25,0.71,0.2,0,2.24,855
1,48219.43,8.01,38,5,66149,0.67,0.3,0.29,0,6.05,1488
2,45518.0,6.49,77,4,22058,0.98,0.41,0.99,1,8.71,989
4,36246.09,7.3,93,1,35929,0.84,0.22,0.27,1,8.26,1472
3,26902.64,8.54,19,6,85171,0.15,0.93,0.33,1,4.76,1489
4,43563.47,8.23,67,3,92164,0.44,0.49,0.66,1,3.7,2111
2,6967.29,9.65,8,7,32362,0.93,0.63,0.3,1,11.35,2354
3,39630.23,5.82,8,6,87489,0.55,0.73,0.22,0,1.37,1932
2,6678.63,5.4,84,6,85664,0.7,0.37,0.17,0,1.06,1362
0,39813.43,4.62,47,8,48356,0.92,0.72,0.32,1,3.9,2140
3,14150.49,2.38,4,0,78597,0.89,0.68,0.11,0,0.0,2167
0,43915.98,6.15,51,9,7041,0.55,0.71,0.03,1,9.82,695
4,47230.08,3.49,85,5,79209,0.49,0.49,0.8,0,0.0,743
4,7865.4,9.29,67,5,62954,0.41,0.38,0.15,0,7.86,904
3,23402.44,6.25,45,5,62869,0.75,0.22,0.77,1,4.34,645
3,49058.88,6.34,8,5,22059,0.36,0.82,0.79,1,8.53,716
2,24428.67,4.19,87,9,45722,0.32,0.61,0.54,1,3.66,1293
2,43245.6,1.47,16,6,18548,0.42,0.44,0.31,0,3.22,896
0,29642.21,1.29,77,9,16078,0.26,0.94,0.15,1,3.26,2328
3,19078.83,4.81,67,5,6419,0.73,0.05,0.73,1,8.32,675
4,14646.29,1.76,9,0,36490,0.65,0.85,0.6,1,1.76,2226
2,10559.54,6.46,60,2,77086,0.53,1.0,0.65,1,3.16,1178
2,38209.01,8.93,78,1,59760,0.45,0.89,0.02,1,7.76,2409
4,19633.76,8.95,77,5,31337,0.92,0.81,0.92,1,10.64,2038
2,25808.14,6.93,71,7,2468,0.13,0.37,0.07,0,11.18,1296
0,24870.11,2.9,15,2,25309,0.79,0.23,0.37,0,4.21,900
3,29075.31,8.77,71,9,67344,0.91,0.73,0.4,0,6.82,1307
4,43346.07,8.97,98,7,91283,0.5,0.3,0.01,0,4.65,2243
3,49046.6,2.77,41,7,73255,0.6,0.18,0.5,1,0.0,686
2,20675.42,7.64,22,4,82899,0.95,0.79,0.75,1,3.95,877
2,41462.19,3.58,24,7,29718,0.29,0.31,0.82,0,4.56,2462
4,38344.13,8.22,44,5,95337,0.57,0.91,0.87,0,3.37,1838
0,28889.68,9.98,1,4,38841,0.53,0.84,0.49,0,11.08,1838
1,47824.33,1.27,10,8,74548,0.33,0.85,0.63,1,0.0,1418
4,10423.49,9.08,80,6,84565,0.84,0.77,0.09,1,5.45,1776
1,5908.58,6.6,72,7,47660,0.91,0.88,0.49,1,6.27,1049
1,42771.12,9.76,56,0,51281,0.8,0.81,0.16,0,9.58,1048
0,22237.92,5.19,89,1,1767,0.28,0.6,0.37,0,9.23,1309
1,42424.96,8.63,50,7,4895,0.18,0.3,0.33,0,12.92,799
1,44707.97,1.56,12,8,59026,0.64,0.89,0.43,0,0.0,1462
0,3591.65,4.02,89,3,43968,0.15,0.84,0.57,0,3.64,1952
1,44231.51,1.6,81,9,41097,0.71,0.47,0.89,1,1.11,709
1,22691.79,9.78,60,9,16332,0.58,0.04,0.4,1,13.11,2215
1,25766.41,8.35,26,8,15621,0.7,0.64,0.97,1,11.52,1014
4,31516.33,8.67,78,3,77870,0.63,0.05,0.75,1,5.65,2377
4,46355.94,9.44,41,9,19174,0.48,0.93,0.51,1,12.43,1372
4,1446.25,1.77,36,9,41502,0.28,0.96,0.64,0,1.27,650
0,24103.75,4.47,23,9,37674,0.38,0.19,0.11,1,4.79,1511
2,34542.24,1.64,43,8,38260,0.57,0.68,0.84,0,1.45,2176
1,36273.99,2.9,6,6,43498,0.69,0.09,0.58,1,2.39,1316
1,34780.36,3.06,69,1,68609,0.8,0.73,0.98,0,0.05,940
0,7154.54,5.22,43,8,50464,0.79,0.35,0.63,0,4.38,2275
1,15320.08,3.42,25,3,72805,0.98,0.68,0.83,0,0.05,1722
4,18256.42,1.91,18,7,65919,0.36,0.37,0.79,0,0.0,1838
2,40319.64,2.51,62,6,55469,0.16,0.15,0.35,0,0.73,1985
3,14298.61,2.33,13,6,18194,0.41,0.41,0.26,0,4.26,1212
1,10929.9,9.76,43,7,27811,0.77,0.11,0.43,1,11.93,639
4,47893.68,7.83,78,0,73377,0.49,0.58,0.47,0,5.12,1414
3,938.73,9.71,28,4,44723,0.84,0.04,0.25,0,10.18,2467
2,49892.13,4.96,18,1,76235,0.59,0.53,0.89,1,1.5,648
3,34002.65,3.51,59,1,77298,0.94,0.89,0.54,0,0.0,2094
4,41509.23,8.18,60,0,60238,0.95,0.84,0.97,1,6.85,1772
3,15083.66,3.94,63,4,3147,0.16,0.88,0.8,1,7.64,2181
0,1208.61,3.69,57,1,99919,0.51,0.92,0.55,0,0.0,565
3,37024.54,3.09,92,3,39445,0.65,0.1,0.94,0,3.01,1023
1,41790.16,2.17,51,2,54803,0.33,0.13,0.5,1,0.4,1306
1,37153.57,3.31,56,2,62108,0.47,0.56,0.88,0,1.0,1783
0,7571.09,4.2,27,1,3013,0.71,0.89,0.36,1,7.96,1469
4,37794.68,7.07,32,5,86617,0.3,0.97,0.38,0,2.91,2080
1,38561.68,1.56,9,1,83410,0.64,0.05,0.42,1,0.0,675
2,33097.76,2.89,96,7,54502,0.73,0.36,0.55,0,1.27,1947
1,38422.74,8.28,84,7,38755,0.18,0.21,0.55,0,9.12,1548
1,42373.11,2.32,92,4,9733,0.55,0.76,0.5,1,5.1,1187
4,30873.4,4.08,97,9,10479,0.34,0.64,0.31,1,7.07,2188
3,4885.93,8.78,68,6,76361,0.75,0.12,0.92,1,5.93,2454
1,24637.58,2.39,46,3,22304,0.27,0.48,0.59,1,3.92,828
0,4343.64,1.74,98,0,36694,0.9,0.69,0.41,0,1.72,1910
3,20673.38,5.36,67,1,82171,0.49,0.78,0.65,1,1.37,764
2,20651.77,3.72,26,9,87296,0.28,0.02,0.76,1,0.0,1173
4,3767.49,6.07,8,9,10490,0.49,0.89,0.95,0,9.38,1189
2,17766.62,8.23,6,3,22252,0.47,0.57,0.5,0,10.71,762
3,5994.41,2.23,80,0,7862,0.49,0.81,0.12,1,5.18,2286
3,40507.64,6.23,24,7,70959,0.63,0.81,0.44,0,3.5,729
3,47410.56,5.55,48,8,11450,0.57,0.19,0.48,1,8.68,782
2,4079.67,2.3,94,3,57022,0.23,0.11,0.89,0,0.33,1124
3,47778.2,6.62,45,9,62991,0.16,0.72,0.4,1,4.76,1188
2,26367.54,3.46,13,2,41927,0.76,0.16,0.94,0,3.19,761
3,15328.5,5.39,69,1,89090,0.6,0.85,0.49,1,0.71,1895
0,4304.67,1.74,25,4,50853,0.42,0.73,0.96,1,0.3,1060
3,25280.9,5.14,20,2,32826,0.83,0.84,0.02,0,6.06,1386
2,39828.52,3.76,82,9,43879,0.45,0.3,0.89,0,3.35,2347
1,35500.78,8.4,82,6,58265,0.82,0.32,0.92,1,7.3,2331
3,2986.19,1.51,66,5,73361,0.38,0.67,0.95,1,0.0,2016
1,4108.64,4.77,74,0,78990,0.17,0.03,0.02,0,1.0,1296
0,20442.23,5.13,45,7,90787,0.94,0.73,0.18,0,0.24,1067
4,15116.88,7.53,47,1,87184,0.46,0.84,0.65,0,3.39,739
0,12003.02,6.17,63,4,41736,0.81,0.42,0.03,0,6.36,989
3,14409.72,7.0,76,8,25530,0.35,0.76,0.07,0,8.95,962
1,40272.4,7.99,77,7,79052,0.68,0.17,0.23,0,4.74,809
1,46496.79,8.76,55,1,48058,0.89,0.32,0.51,0,8.74,2112
2,20552.58,3.82,75,8,75094,0.14,0.97,0.54,0,0.29,2157
1,45352.49,5.84,19,4,75255,0.85,0.99,0.04,0,2.62,2013
2,16414.04,8.56,35,9,5886,0.61,0.51,0.18,1,12.74,1957
4,24083.63,9.91,53,5,94721,0.65,0.93,0.5,0,5.4,614
3,11688.44,9.01,26,2,38387,0.57,0.52,0.59,0,10.0,1594
2,32203.56,4.34,14,2,22575,0.89,0.29,0.16,1,6.16,987
4,48959.57,2.76,45,9,40643,0.14,0.27,0.4,1,2.51,804
1,30372.91,5.4,44,7,11100,0.33,0.93,0.9,1,8.54,2233
1,18211.8,7.67,88,9,61356,0.89,0.17,0.99,1,6.14,947
4,32566.96,5.43,65,9,8856,0.78,0.58,0.98,1,8.8,2251
1,6584.57,5.35,51,1,39169,0.12,0.56,0.87,1,5.67,1903
4,44488.62,8.54,43,1,29804,0.57,0.74,0.4,0,10.31,1222
2,25402.66,4.25,86,4,36790,0.58,0.5,0.68,1,4.63,1041
2,22742.81,8.74,23,5,31988,0.46,0.27,0.42,1,10.33,1229
4,29500.31,4.66,56,1,77448,0.37,0.17,0.65,1,1.03,2180
2,31426.8,3.95,19,4,39506,0.71,0.62,0.31,0,4.01,545
2,4052.9,5.09,82,6,88904,0.29,0.72,0.6,1,0.38,549
2,34289.55,7.86,76,9,68306,0.82,0.57,0.52,0,5.66,939
0,12475.62,2.13,55,9,13305,0.82,0.74,0.03,1,4.52,1580
3,35840.66,2.77,92,7,10969,0.47,0.14,0.78,1,5.5,2357
1,41215.47,9.56,92,6,13404,0.36,0.88,0.02,0,13.14,634
0,40295.95,2.58,60,7,9989,0.36,0.58,0.3,0,5.37,1917
2,27848.8,6.11,59,8,66305,0.53,0.13,0.02,1,3.83,1831
4,26248.41,6.21,33,4,36983,0.75,0.46,0.38,0,6.89,1678
2,7572.36,5.41,19,4,40462,0.42,0.84,0.07,0,5.61,1779
3,38879.63,6.8,28,9,20360,0.65,0.9,0.91,1,9.24,1661
2,13934.76,3.07,52,3,86657,0.44,0.26,0.42,1,0.0,662
4,25086.42,5.97,49,8,27287,0.37,0.71,0.46,1,7.58,888
3,14571.57,4.35,37,4,66472,0.12,0.1,0.35,0,1.77,1736
2,7124.5,6.96,26,1,62313,0.1,0.03,0.62,1,5.22,2206
3,31663.11,2.27,99,9,35160,0.3,0.56,0.78,1,2.49,2134
1,3189.44,6.14,98,7,7789,0.47,0.69,0.65,0,9.73,655
1,37557.94,2.67,99,6,28181,0.87,0.8,0.74,0,3.65,2426
2,16220.55,3.51,40,7,15385,0.82,0.34,0.9,1,5.91,1811
3,506.67,2.97,80,2,83597,0.34,0.01,0.86,0,0.0,1041
4,25800.89,2.65,38,3,66641,0.32,0.48,0.67,1,0.0,975
2,2819.17,8.43,77,4,45247,0.3,0.02,0.22,0,8.64,2450
1,14170.39,3.57,87,5,87673,0.41,0.09,0.63,1,0.0,1654
1,35495.34,9.34,54,0,6544,0.55,0.33,0.51,0,13.58,2033
2,3603.14,9.73,22,3,14275,0.49,0.44,0.71,0,13.25,1774
3,42047.26,6.14,16,9,64248,0.3,0.28,0.83,0,4.07,2382
1,689.09,2.29,28,4,35550,0.22,0.58,0.74,0,2.47,1400
3,12717.78,4.37,35,6,54693,0.11,0.06,0.84,1,2.97,2416
1,37174.75,8.18,60,4,20641,0.24,0.14,0.07,0,10.81,2041
1,16155.37,4.31,45,0,72749,0.73,0.7,0.04,1,1.09,999
0,5543.67,1.78,46,6,81021,0.32,0.14,0.26,0,0.0,1560
1,18331.58,6.01,72,7,16605,0.52,0.64,0.89,0,8.7,1955
4,13884.47,8.61,55,6,51713,0.63,0.05,0.82,1,8.2,2446
2,42214.24,8.16,86,3,21390,0.9,0.41,0.68,0,10.72,828
2,16010.72,2.58,85,7,76403,0.9,0.18,0.7,0,0.0,757
3,39552.16,7.05,26,4,59466,0.77,0.11,0.72,1,5.61,2281
1,44647.67,2.98,85,9,4981,0.13,0.57,0.93,0,6.34,1449
4,21973.96,2.96,25,8,10493,0.62,0.93,0.83,1,5.76,1616
3,45542.19,8.87,65,9,72218,0.81,0.05,0.62,0,6.45,1463
0,19177.24,3.25,6,4,72318,0.12,0.42,0.66,0,0.0,638
3,48221.88,3.37,23,0,96335,0.59,0.71,0.22,0,0.0,1563
3,4919.83,1.01,64,8,17984,0.87,0.46,0.65,1,2.75,1943
1,34507.45,8.84,87,4,23760,0.53,0.81,0.43,0,11.27,1026
0,24943.8,8.13,43,5,92529,0.1,0.18,0.16,0,3.55,1458
3,19688.62,6.65,23,3,2524,0.11,0.96,0.8,0,10.85,1124
4,31819.24,7.75,96,5,50402,0.47,0.39,0.51,0,7.33,760
4,35340.93,2.37,30,7,92656,0.24,0.34,0.97,0,0.0,1128
2,715.98,5.12,77,2,66614,0.7,0.87,0.29,0,2.65,840
0,8764.18,4.16,18,4,36891,0.74,0.56,0.48,0,4.51,1092
0,35795.78,1.84,87,1,92009,0.26,0.52,0.45,0,0.0,1562
2,33486.08,5.38,79,1,40832,0.9,0.73,0.13,0,5.54,735
3,48319.35,9.29,97,6,46836,0.5,0.58,0.43,1,9.48,1564
0,38171.37,1.36,21,9,74953,0.23,0.16,0.29,0,0.0,2183
4,47563.25,3.62,57,9,14362,0.79,0.67,0.17,1,6.14,1968
4,35275.75,2.87,23,9,67745,0.81,0.13,0.29,1,0.0,1987
1,15253.58,3.14,91,5,38921,0.68,0.81,0.24,1,3.12,1927
0,5715.56,9.18,45,3,71434,0.87,0.99,0.73,0,6.89,1570
3,39200.28,5.21,44,4,19562,0.76,0.38,0.04,1,7.47,1113
2,32385.39,5.2,82,0,65510,0.89,0.44,0.62,1,2.85,2462
2,2885.21,7.85,88,6,77407,0.49,0.05,0.76,1,4.74,2305
3,18322.5,2.39,47,7,8610,0.77,0.01,0.48,0,5.29,2285
1,47861.59,5.39,40,8,93918,1.0,0.92,0.92,1,0.23,1541
2,25269.86,4.87,51,7,16791,0.75,0.13,0.7,0,7.35,1620
0,21920.09,6.37,42,4,59047,0.2,0.45,0.74,1,4.86,2374
1,23156.13,10.0,7,2,68906,0.57,0.82,0.2,1,8.09,1761
0,10839.69,7.93,50,9,20665,0.63,0.89,0.77,0,10.52,1651
4,18751.0,4.58,48,8,71246,0.26,0.52,0.83,0,1.56,1224
1,18805.76,8.45,84,5,66864,0.97,0.57,0.36,1,6.49,658
2,3091.57,2.54,91,4,47451,0.26,0.67,0.22,1,1.57,2173
1,38494.6,1.27,6,2,87148,0.26,0.96,0.39,1,0.0,1931
1,21116.97,2.84,91,5,46890,0.92,0.6,0.73,0,1.98,1682
1,41197.9,4.06,9,2,7794,0.52,0.56,0.42,0,7.31,1570
1,42592.23,5.6,57,9,33888,0.16,0.01,0.73,1,6.49,2456
0,10993.71,6.54,31,5,7749,0.64,0.08,0.12,1,10.2,1062
4,33039.0,9.2,21,3,47531,0.64,0.58,0.8,0,9.3,1540
3,23877.95,5.59,90,1,21608,0.16,0.94,0.26,0,7.71,753
1,44067.76,5.51,40,7,81986,0.98,0.87,0.25,1,1.56,1704
2,11179.16,1.45,45,3,70211,0.59,0.98,0.59,0,0.0,2355
1,34051.75,1.31,77,8,84996,0.6,0.53,0.08,1,0.0,2292
2,30583.73,5.96,49,6,57017,0.57,0.79,0.04,0,4.59,2019
0,15117.42,4.94,87,1,58676,0.65,0.84,0.27,1,3.24,1348
2,7261.74,8.55,20,3,12560,0.34,0.65,0.54,1,12.06,1397
3,32756.17,2.45,92,4,55401,0.36,0.34,0.9,1,0.67,931
4,37060.57,1.22,17,2,51468,0.56,0.47,0.84,0,0.0,728
2,16123.55,5.04,28,8,33463,0.83,0.86,0.49,1,5.88,564
2,32419.21,3.14,41,4,32663,0.14,0.3,0.05,1,3.75,1468
4,20058.98,1.45,66,1,69706,0.64,0.92,0.53,0,0.0,2322
3,35803.74,7.52,25,2,59773,0.83,0.23,0.7,1,6.12,714
1,10361.16,2.0,58,8,34123,0.24,0.75,0.34,1,2.28,1607
2,44565.64,6.47,41,6,95346,0.11,0.63,0.12,1,1.34,1467
4,14726.78,3.53,6,1,10718,0.38,0.75,0.28,0,6.4,1570
0,18705.41,2.56,75,8,63637,0.63,0.44,0.77,0,0.0,799
4,3375.55,4.42,38,3,1028,0.22,0.93,0.35,0,8.41,1669
0,6019.85,8.21,6,8,63370,0.48,0.63,0.81,0,6.57,1109
3,26035.16,4.53,45,1,48599,0.6,0.29,0.32,1,3.77,1042
1,13745.84,7.76,75,9,18397,0.64,0.64,0.17,0,10.55,1771
4,41856.27,2.13,14,3,46406,0.35,0.29,0.44,0,1.2,1052
2,1227.32,7.95,66,4,48657,0.46,0.29,0.45,0,7.74,2065
3,19265.16,3.13,40,1,68560,0.8,0.4,0.03,1,0.14,2278
4,17198.6,7.1,3,9,14503,0.95,0.85,0.12,1,10.17,2291
2,1456.72,6.09,99,0,55943,0.88,0.5,0.19,1,4.85,862
4,6656.24,9.36,97,6,76839,0.61,0.68,0.12,0,6.55,1224
0,20975.31,4.49,24,9,83674,0.47,0.39,0.34,1,0.21,1605
4,24896.8,1.6,19,0,26345,0.4,0.26,0.96,1,2.59,1026
4,20512.34,1.17,18,7,51390,0.21,0.95,0.51,0,0.0,1426
4,26781.42,8.44,64,2,96041,0.2,0.6,0.63,1,3.56,2438
3,29959.02,5.72,88,9,60557,0.72,0.93,0.36,0,3.95,1292
4,991.23,7.98,35,5,66054,0.33,0.2,0.33,0,6.03,1062
2,23472.71,3.11,62,6,2906,0.33,0.15,0.03,1,6.7,688
0,48193.21,4.11,1,9,41167,1.0,0.86,0.5,0,4.03,2220
0,26192.1,1.27,100,0,8961,0.27,0.68,0.48,0,3.95,1120
4,34038.34,9.65,25,5,27140,0.23,0.19,0.16,0,11.87,2465
3,15937.26,7.01,45,6,59701,0.19,0.27,0.76,0,5.54,685
3,38812.57,9.4,49,5,78567,0.62,0.8,0.49,0,6.43,1738
2,38759.61,3.39,98,3,81664,0.67,0.45,0.34,0,0.0,586
4,26304.15,6.5,89,0,82199,0.43,0.67,0.15,1,2.69,1441
0,48812.68,7.11,16,8,82218,0.58,0.32,0.55,0,3.4,2367
3,6714.74,3.86,98,3,81729,0.81,0.38,0.75,0,0.0,1869
4,1338.91,8.63,93,6,29561,0.84,0.99,0.29,0,10.44,2428
3,38622.83,9.52,19,6,51568,0.96,0.25,0.22,0,9.27,737
3,40454.2,8.96,23,1,74302,0.84,0.51,0.52,1,6.34,932
0,6450.26,7.65,83,0,96380,0.61,0.84,0.16,1,2.61,1190
1,13646.35,3.5,25,7,95968,0.26,0.24,0.66,0,0.0,1659
2,1368.84,3.53,16,7,30504,0.19,0.42,0.6,1,4.42,1626
2,15018.78,9.67,54,6,38146,0.15,0.62,0.1,0,10.79,1068
0,38770.52,1.09,73,7,41297,0.7,0.48,0.05,0,0.5,1864
3,26139.05,7.44,1,2,87394,0.83,0.46,0.62,0,3.26,1524
4,17730.73,7.36,42,1,69607,0.56,0.36,0.3,0,4.95,1667
3,18901.1,6.6,19,6,17939,0.15,0.59,0.09,1,9.25,1453
0,567.0,9.91,97,7,91467,0.58,0.62,0.75,1,5.73,1394
2,15340.13,3.81,34,0,51715,0.94,0.65,0.32,0,2.62,2254
3,32499.71,4.06,80,9,45460,0.64,0.07,0.46,0,3.54,545
2,48722.62,1.71,55,8,67576,0.83,0.63,0.24,1,0.0,958
4,42429.51,4.99,18,3,69222,0.82,0.95,0.62,1,2.24,2235
2,1667.95,3.35,34,3,13666,0.94,0.54,0.31,0,5.9,1266
2,44978.75,4.09,89,2,63119,0.79,0.72,0.96,1,1.8,1900
1,39268.32,8.51,45,5,36321,0.77,0.56,0.7,0,9.63,709
1,39128.62,9.42,6,0,2779,0.31,0.85,0.14,1,14.05,639
1,23170.79,2.67,21,5,14186,0.15,0.93,0.42,1,5.06,1733
2,20201.26,4.35,70,1,17459,0.57,0.18,0.39,1,6.68,1007
0,15494.33,9.36,96,8,87246,0.21,0.44,0.53,1,5.51,1696
2,3751.9,1.56,48,1,88755,0.97,0.39,0.84,0,0.0,1357
0,11797.65,1.83,39,6,6057,0.36,0.41,0.58,0,4.9,2178
0,12706.88,2.47,31,0,61663,0.87,0.13,0.07,1,0.06,1663
1,24461.81,6.36,10,6,19733,0.45,0.81,0.65,0,8.79,1289
3,37498.5,2.35,30,4,20157,0.39,0.04,0.02,1,4.09,1002
4,23953.59,9.71,18,7,36030,0.94,0.53,0.77,1,11.05,1289
1,3363.3,5.02,60,3,20613,0.43,0.66,0.66,0,7.14,1853
1,47910.6,5.51,88,9,84028,0.45,0.21,0.31,0,1.36,1497
3,47164.85,3.22,73,6,87282,0.2,0.91,0.3,0,0.0,2375
4,39366.88,5.24,95,5,6188,0.7,0.84,0.79,1,8.85,1546
2,49570.73,6.96,15,4,30680,0.36,0.47,0.78,0,8.39,1668
2,27451.88,7.76,4,3,61119,0.63,0.41,0.36,0,6.27,2363
1,48157.03,7.78,63,6,75400,0.63,0.24,0.3,0,4.86,687
4,4242.45,6.2,40,4,56718,0.75,0.73,0.56,0,4.9,927
1,18601.2,9.14,9,4,37445,0.77,0.13,0.02,1,10.25,724
0,11656.37,8.36,9,0,6796,0.56,0.68,0.09,1,12.41,1810
1,10193.74,7.81,26,1,48218,0.4,0.84,0.13,1,7.62,1186
1,7469.75,1.5,4,4,40131,0.85,0.23,0.19,1,1.1,2302
2,31309.48,1.06,81,2,9123,0.38,0.87,0.51,1,3.69,1597
2,39175.43,2.91,16,1,9222,0.56,0.03,0.98,1,5.83,925
2,29125.77,6.97,15,3,25074,0.46,0.91,0.65,1,8.96,2260
0,7774.65,4.7,99,3,30825,0.87,0.12,0.07,0,5.75,2109
2,40650.63,4.62,52,3,37839,0.49,0.65,0.53,1,4.95,604
4,31979.76,8.96,69,3,69322,0.45,0.25,0.5,1,6.84,650
3,19714.2,9.06,5,2,57321,0.72,0.84,0.15,1,8.16,601
4,33869.45,9.18,20,6,26988,0.64,0.51,0.91,1,11.34,2421
4,13365.3,3.82,79,8,36507,0.2,0.14,0.44,0,4.16,663
2,17587.01,7.22,18,4,99644,0.56,0.57,0.98,1,1.78,1128
3,45915.55,3.44,2,3,96251,0.76,0.41,0.42,1,0.0,1950
3,14879.97,2.72,93,1,24806,0.99,0.66,0.61,0,4.05,1363
3,23764.42,2.66,13,1,37901,0.67,0.88,0.11,1,2.67,2055
0,44561.99,4.08,4,4,18043,0.43,0.41,0.46,1,6.31,1026
2,35532.21,4.87,42,6,76761,0.3,0.29,0.24,1,1.34,2123
3,3579.06,8.48,74,9,10752,0.89,0.01,0.83,1,12.16,664
0,7791.5,2.08,61,9,69993,0.83,0.57,0.78,1,0.0,576
1,888.16,7.61,95,8,43616,0.31,0.4,0.82,1,7.85,2321
1,31730.63,5.78,8,6,53127,0.28,0.37,0.72,1,4.77,1499
0,22659.83,3.59,67,4,75777,0.74,0.18,0.83,0,0.0,2169
0,7146.61,5.44,63,9,1453,0.38,0.43,0.21,0,9.55,2175
2,47917.74,3.7,9,9,76432,0.38,0.98,0.45,1,0.01,2412
2,26718.16,6.36,94,9,88362,0.24,0.3,0.69,0,1.91,780
1,12473.72,4.9,11,5,11976,0.34,0.6,0.63,1,7.87,2180
3,25279.88,2.48,99,2,71404,0.48,0.78,0.71,0,0.0,1236
1,34141.21,2.05,42,4,82932,0.76,0.75,0.23,1,0.0,2399
3,4273.84,5.92,13,7,98170,0.4,0.33,0.11,0,0.41,2427
3,14097.84,9.12,36,0,78707,0.4,0.61,0.91,1,6.09,1089
2,40444.79,4.1,13,0,90647,0.36,0.87,0.56,0,0.0,1283
4,23253.41,7.6,12,6,34688,0.53,0.02,0.16,0,8.73,2465
4,27555.57,6.93,37,4,87840,0.26,0.44,0.79,1,2.62,1976
0,21924.39,9.38,74,4,94789,0.54,0.22,0.91,1,4.78,1073
2,2673.05,8.39,73,0,97516,0.73,0.39,0.18,0,3.35,1852
3,8704.61,6.1,52,8,3017,0.13,0.42,0.81,0,10.16,1448
4,22554.31,6.91,71,0,8957,0.11,0.75,0.92,1,10.51,1107
3,10854.68,9.09,2,4,5792,0.17,0.09,0.93,0,13.36,1899
4,2973.96,4.6,56,9,56982,0.58,0.51,0.91,1,3.01,2382
4,42260.66,3.94,60,8,14237,0.87,0.56,0.55,0,6.53,2483
4,49069.03,1.1,23,3,52586,0.1,0.49,0.36,0,0.0,575
2,39760.57,8.44,40,7,82787,0.94,0.73,0.02,1,4.89,1443
1,42762.35,8.21,64,5,20252,0.2,0.38,0.07,1,10.89,1624
3,12477.87,1.94,85,2,11707,0.86,0.94,0.43,1,4.46,1230
2,48051.04,6.19,23,3,35206,0.53,0.48,0.4,0,7.04,787
2,10247.82,5.18,29,1,95276,0.69,0.57,0.19,0,0.0,882
2,47595.78,2.07,78,0,4543,0.56,0.83,0.4,0,5.33,2132
2,49743.56,9.83,90,7,45135,0.53,0.28,0.18,1,10.28,2152
2,35730.28,2.93,51,0,36031,0.85,0.08,0.84,0,3.17,1810
0,49066.61,1.61,69,0,43929,0.78,0.71,0.3,0,0.84,1164
3,28692.22,6.35,95,3,66747,0.54,0.48,0.6,1,4.07,1269
2,13347.32,7.65,89,9,58851,0.2,0.9,0.5,0,6.37,1845
3,22131.3,1.29,31,9,56311,0.2,0.98,0.06,0,0.0,1536
0,29881.27,6.93,50,5,66867,0.82,0.4,0.93,1,4.73,1457
0,4117.54,5.79,20,8,89780,0.58,0.42,0.53,1,1.1,1167
3,31305.99,1.93,55,0,58196,0.53,0.41,0.33,1,0.0,1318
4,49068.3,2.55,81,6,74705,0.71,0.32,0.16,1,0.0,1863
1,9910.33,6.11,2,9,58894,0.87,0.78,0.34,1,4.57,1138
4,39733.46,3.67,25,4,88640,0.67,0.76,0.03,1,0.0,2388
4,45440.99,9.44,13,7,15591,0.79,0.48,0.37,1,12.79,1335
4,47213.23,8.37,92,6,98247,0.79,0.04,0.53,1,3.26,1732
2,48026.71,9.85,70,3,49893,0.42,0.31,0.86,1,9.82,1212
0,26312.25,3.34,67,3,1727,0.35,0.29,0.68,0,7.08,2378
4,48876.74,9.73,58,5,22359,0.82,0.81,0.12,1,12.44,1914
0,37986.86,4.88,99,5,44822,0.44,0.09,0.15,1,4.55,714
3,8502.74,4.13,82,8,89534,0.91,0.81,0.43,0,0.0,2119
1,24106.56,1.45,75,4,11929,0.16,0.67,0.2,1,3.86,2093
3,36057.39,1.47,84,7,61091,0.15,0.73,0.04,0,0.0,2146
3,12743.35,7.23,64,4,81378,0.93,0.43,0.8,0,3.62,2214
2,32210.45,5.12,69,1,24519,0.68,0.68,0.03,1,6.87,1511
1,33496.72,3.04,83,5,18393,0.44,0.61,0.82,0,5.07,1074
3,8553.64,6.53,86,8,35318,0.78,0.77,0.15,1,7.43,1251
3,28471.72,3.28,59,2,75531,0.71,0.45,0.97,1,0.0,1452
1,38695.53,6.2,60,0,95192,0.58,0.47,0.6,0,1.04,1958
1,25195.34,4.23,83,0,48934,0.19,0.64,0.73,0,3.39,1402
3,1099.1,8.41,62,2,82103,0.83,0.11,0.12,0,4.92,1144
1,947.4,8.39,16,9,29840,0.88,0.44,0.85,1,10.14,940
3,18172.95,5.3,88,4,90367,0.25,0.97,0.83,1,0.48,1892
3,46346.61,4.16,68,2,14265,0.87,0.04,0.65,0,6.78,1770
2,11819.5,4.26,15,8,6424,0.89,0.32,0.5,1,7.68,1429
4,31901.0,8.25,89,7,21625,0.59,0.31,0.72,1,10.8,689
3,11492.76,3.95,55,2,80622,0.69,0.63,0.02,0,0.0,1770
0,16422.66,2.88,35,8,30187,0.44,0.11,0.59,0,3.7,796
4,42478.08,1.76,55,5,36929,0.35,0.63,0.84,0,1.72,1158
4,36578.64,5.2,14,6,62892,0.75,0.1,0.36,0,3.11,1432
4,5222.26,5.34,49,3,21539,0.88,0.09,0.12,0,7.42,2398
2,21720.75,8.57,83,3,57630,0.69,0.73,0.42,0,7.56,1950
3,1943.9,2.99,100,1,91639,0.56,0.32,0.72,0,0.0,1732
2,24304.06,4.43,7,4,94410,0.24,0.98,0.12,0,0.0,2168
3,33290.48,8.28,30,7,10215,0.15,0.04,0.21,0,11.98,2279
2,6365.88,8.41,83,6,40385,0.5,0.45,0.15,0,9.1,731
2,14799.8,4.46,49,6,88580,0.14,0.11,0.79,1,0.0,1108
0,20192.91,5.13,89,5,78462,0.61,0.35,0.07,1,1.47,2106
2,46016.79,3.73,16,2,98037,0.44,1.0,0.68,0,0.0,1367
1,49666.12,9.39,51,4,96310,0.78,0.89,0.37,1,4.64,2363
0,2723.11,2.07,72,0,26008,0.38,0.05,0.75,1,3.17,1778
2,38169.89,9.4,82,6,49928,0.63,0.56,0.96,1,9.3,2246
4,18900.34,7.15,92,8,84096,0.58,0.65,0.12,1,3.26,2169
1,19926.68,5.78,80,0,90876,0.1,0.21,0.32,1,0.98,1122
1,37836.12,1.29,83,1,25976,0.17,0.15,0.8,1,2.27,2400
1,45962.11,5.28,42,2,28626,0.36,0.9,0.27,0,6.64,776
0,47570.97,4.67,17,2,99256,0.89,0.97,0.22,0,0.0,1401
2,29067.57,2.45,63,7,60789,0.23,0.99,0.82,1,0.13,1991
2,18177.5,6.91,45,6,5700,0.74,0.79,0.98,1,10.84,2083
4,39483.68,9.74,77,5,64645,0.98,0.66,0.56,0,8.22,722
4,12924.57,6.06,7,9,74396,0.81,0.35,0.28,1,2.96,1216
1,28421.66,7.43,27,9,8526,0.32,0.17,0.4,1,11.16,2479
4,18249.63,1.62,10,3,40500,0.92,0.08,0.18,1,1.2,2069
0,33003.24,4.76,34,8,69049,0.18,0.69,0.76,1,1.99,1620
2,12399.75,2.05,36,0,74366,0.52,0.78,0.77,1,0.0,1165
1,9983.85,6.52,25,1,81317,0.9,0.83,0.87,0,2.8,1949
4,45952.83,9.45,6,3,60117,0.68,0.91,0.04,0,8.33,1198
0,5539.28,6.96,24,2,57096,0.47,0.88,0.56,1,5.74,2310
0,25544.92,1.69,18,0,8910,0.36,1.0,0.22,0,4.45,1753
4,11432.21,4.19,87,4,82383,0.44,0.24,0.34,1,0.0,1698
2,2427.03,5.96,6,6,72185,0.56,0.76,0.78,1,3.07,2022
4,2282.93,4.63,29,1,51248,0.39,0.59,0.2,1,3.62,2205
1,9173.48,8.5,25,4,75656,0.97,0.26,0.64,1,5.67,1470
4,43405.13,8.33,55,5,2951,0.94,0.98,0.65,1,12.76,725
0,14482.7,6.51,81,6,66212,0.88,0.9,0.95,1,4.3,2467
4,47547.73,4.36,46,0,76701,0.48,0.13,0.77,1,0.75,1976
2,29290.3,3.3,24,6,80888,0.72,0.03,0.8,1,0.0,2216
3,22112.4,1.95,75,3,76282,0.91,0.69,0.53,1,0.0,1018
4,29214.4,4.19,26,7,95533,0.87,0.6,0.19,0,0.0,2438
2,26076.57,4.72,98,3,42954,0.47,0.94,0.43,1,4.56,1422
2,38059.42,7.08,28,5,90719,0.2,0.23,0.55,0,2.51,668
0,14483.56,6.92,3,8,9804,0.17,0.08,0.67,0,10.44,1863
2,17975.99,1.63,75,4,93705,0.62,0.26,0.61,1,0.0,691
2,44757.67,4.56,38,3,1595,0.68,0.02,0.4,0,8.52,840
2,47349.6,2.64,61,7,30592,0.86,0.04,0.27,1,3.38,547
2,44681.63,2.41,78,8,41643,0.36,0.91,0.17,1,2.0,1632
1,21262.68,8.45,51,3,63665,0.25,0.35,0.69,1,6.82,2131
1,39128.09,1.38,90,2,21823,0.44,0.41,0.64,1,2.79,1681
0,24078.62,4.77,48,7,6972,0.42,0.02,0.68,0,8.22,2149
4,25128.22,2.51,21,4,16882,0.22,0.27,0.38,0,4.6,2280
2,10631.67,8.91,54,1,67394,0.71,0.8,0.27,1,6.98,2483
4,29760.95,6.01,56,9,72055,0.56,0.62,0.75,0,3.14,1510
4,9713.73,3.08,94,8,24769,0.75,0.75,0.77,0,4.47,831
0,16912.45,5.52,59,2,26020,0.42,0.45,0.46,0,7.18,2465
2,42823.99,7.58,72,1,43748,0.39,0.31,0.61,1,7.8,897
2,10750.25,9.62,51,0,86374,0.53,0.48,0.38,0,5.9,2407
3,4022.34,2.98,20,7,45912,0.89,0.32,0.7,0,2.24,1379
4,3915.88,8.98,96,2,13879,0.14,0.84,0.83,0,12.42,910
4,47068.83,9.41,86,6,34798,0.82,0.3,0.68,1,10.83,2458
1,25592.56,9.25,59,0,90826,0.43,0.66,0.51,0,5.02,971
3,20765.9,6.72,71,0,47073,0.87,0.14,0.46,0,6.47,951
1,40638.49,6.67,9,8,76791,0.82,0.69,0.64,1,3.43,687
1,41873.38,4.63,1,7,67983,0.41,0.91,0.68,0,1.94,1728
1,16943.46,7.77,29,2,44005,0.72,0.61,0.56,1,8.0,1155
0,34834.09,5.78,63,5,95731,0.24,0.56,0.62,1,0.5,2258
0,38670.58,7.1,72,2,3850,0.91,0.96,0.1,1,11.24,1421
1,32905.21,4.86,56,3,29400,0.46,0.63,0.94,1,6.08,1016
3,8003.96,7.58,68,0,12953,0.51,0.26,0.78,1,10.89,1543
4,43856.21,8.42,35,4,24535,0.74,0.29,0.38,1,10.7,853
3,27185.18,2.32,3,0,76536,0.84,0.71,0.56,0,0.0,1124
2,14482.39,8.5,7,0,76039,0.31,0.74,0.06,1,5.63,1541
0,21548.8,5.86,27,9,82029,0.7,0.3,0.05,0,1.96,815
4,2359.77,8.6,1,6,5055,0.45,0.35,0.26,0,12.87,1119
4,6829.41,4.88,91,5,39170,0.43,0.99,0.69,1,5.12,2214
2,38394.56,4.41,80,1,98944,0.72,0.1,0.85,0,0.0,2123
2,500.58,9.24,71,1,29251,0.45,0.4,0.56,0,11.18,1099
1,21120.01,3.26,44,6,5532,0.41,0.06,0.53,0,6.61,1904
0,26364.25,8.6,87,0,5924,0.85,0.82,0.4,1,12.78,554
0,3204.4,5.36,41,1,49037,0.19,0.09,0.17,0,4.69,1480
3,48667.37,5.63,75,7,79082,0.71,0.67,0.13,0,1.99,569
1,11693.2,3.78,42,5,93115,0.32,0.06,0.76,1,0.0,2231
1,15557.84,6.16,33,1,72621,0.11,0.67,0.92,0,3.26,949
1,15545.15,3.93,50,6,78926,0.25,0.84,0.46,0,0.03,2148
1,11905.62,1.35,63,3,79816,0.65,0.4,0.66,0,0.0,703
0,572.95,3.45,100,1,90654,0.74,0.52,0.91,1,0.0,1055
0,36602.57,1.06,37,5,71400,0.12,0.4,0.1,0,0.0,2160
1,48358.85,9.81,59,8,93385,0.13,0.3,0.77,0,5.42,1492
3,11602.53,9.69,81,8,94102,0.91,0.8,0.61,1,5.21,2044
4,33320.84,4.56,99,7,11702,0.17,0.27,0.6,1,7.5,724
4,37223.87,7.56,48,2,16385,0.9,0.72,0.3,1,10.52,1136
3,42497.06,4.11,5,2,10336,0.31,0.21,0.68,0,7.12,2127
1,21420.15,7.04,48,1,66421,0.77,0.25,0.79,1,4.9,1368
0,15495.08,8.25,96,4,32225,0.38,0.34,0.12,1,9.73,1379
4,16602.11,9.52,3,3,37021,0.87,0.59,0.53,1,10.73,2067
2,35774.76,4.6,47,6,4782,0.73,0.45,0.11,0,8.24,2064
2,40930.58,8.05,62,3,89877,0.46,0.75,0.87,1,3.72,548
3,9489.89,3.39,99,8,90630,0.17,0.21,0.51,1,0.0,1662
1,18861.58,9.91,14,1,50111,0.76,0.01,0.8,1,9.87,1607
4,45146.04,1.23,63,5,90402,0.66,0.78,0.37,1,0.0,1616
1,40431.33,6.43,61,6,85585,0.1,0.82,0.13,1,2.27,1368
4,49250.49,6.94,31,3,43719,0.11,0.06,0.05,0,7.06,624
3,37835.29,7.19,95,5,97528,0.83,0.61,0.29,0,1.96,1694
3,19963.16,2.08,17,6,50037,0.33,0.38,0.25,1,0.78,2430
2,29736.57,9.45,24,3,81103,0.67,0.79,0.56,1,6.23,961
1,33220.21,2.63,23,7,4513,0.51,0.87,0.03,1,5.98,1163
2,4383.56,6.6,82,8,14335,0.88,0.85,0.52,0,9.61,2229
1,27452.6,3.0,50,0,45140,0.93,0.78,0.39,0,2.34,1636
2,35611.38,3.76,78,6,81373,1.0,0.27,0.58,0,0.0,1114
0,8782.4,5.92,79,8,78658,0.24,0.81,0.7,0,2.37,870
0,39141.27,4.75,79,9,35840,0.88,0.53,0.63,1,5.3,2486
0,29396.75,2.44,70,4,32007,0.34,0.05,0.97,1,3.0,1844
0,47634.98,2.54,27,1,57947,0.63,0.46,0.15,1,0.52,1097
4,2599.9,4.76,15,9,94220,0.56,0.94,0.43,1,0.0,2200
0,13633.64,7.82,50,5,27393,0.12,0.89,0.43,0,9.72,1137
3,30276.92,9.08,36,6,58480,0.94,0.1,0.42,1,8.07,2254
3,15179.72,1.76,8,1,89290,0.17,0.74,0.66,0,0.0,769
4,35864.0,4.54,79,1,87335,0.72,0.81,0.49,0,0.0,2381
0,38070.76,1.9,3,9,10107,0.81,0.27,0.52,1,4.57,1087
0,5574.54,1.15,62,9,6993,0.82,0.47,0.43,0,4.01,1486
0,25935.8,6.96,47,0,97341,0.22,0.71,0.98,0,1.71,558
2,25690.08,6.42,77,3,94650,0.5,0.44,0.92,1,1.35,917
1,18779.4,2.47,98,6,53066,0.85,0.11,0.31,0,0.93,803
2,46679.78,3.1,88,8,43942,0.37,0.71,0.12,0,2.57,1058
1,41461.56,1.21,96,2,17138,0.52,0.91,0.83,1,3.06,1704
0,35011.86,8.51,61,6,45527,0.35,0.65,0.99,0,8.7,909
0,35859.17,9.77,32,6,10190,0.52,0.77,0.3,0,13.71,1618
2,23354.95,2.22,94,6,93259,0.9,0.36,0.36,1,0.0,2428
2,46089.23,3.08,13,1,79422,0.51,0.18,0.93,0,0.0,1410
1,34882.47,8.82,1,5,56698,0.6,0.64,0.71,1,7.94,740
3,36584.56,9.34,34,1,83315,0.46,0.33,0.3,0,5.88,2205
1,43153.7,4.78,62,5,94710,0.51,0.86,0.58,0,0.0,902
2,14066.54,1.46,79,9,30086,0.11,0.12,0.94,1,2.06,1270
2,40450.01,1.35,78,2,18322,0.36,0.43,0.81,1,3.11,739
4,10164.41,6.17,93,1,84569,0.49,0.4,0.74,0,2.07,605
2,17594.43,4.54,98,5,86610,0.67,0.94,0.73,1,0.0,2276
4,17112.72,1.26,82,1,4435,0.51,0.15,0.18,0,4.4,1154
3,48937.01,6.25,71,4,54331,0.4,0.01,0.82,1,5.19,1130
1,42898.59,1.1,93,1,29942,0.45,0.24,0.28,0,1.65,1308
1,35207.91,8.09,31,2,60635,0.32,0.82,0.92,0,6.7,2473
4,36489.31,3.76,64,2,30059,0.93,0.21,0.37,0,4.73,1931
1,28322.6,1.36,25,5,58557,0.57,0.24,0.85,0,0.0,1527
2,47380.99,6.3,38,5,53389,0.11,0.13,0.27,0,5.35,1206
0,25064.81,4.58,14,9,54014,0.12,0.72,0.51,1,3.28,584
4,19335.63,9.76,8,2,33826,0.98,0.07,0.11,1,11.33,2346
1,8570.25,5.9,91,2,31297,0.3,0.33,0.66,0,7.1,1576
4,39417.18,3.48,54,0,44890,0.83,0.28,0.83,0,2.92,1407
4,36854.97,7.38,2,6,22322,0.15,0.56,0.71,1,9.72,973
0,19525.57,3.44,81,7,36739,0.93,0.73,0.52,1,3.69,592
2,1747.07,9.14,78,1,10719,0.89,0.53,0.05,1,12.93,2471
4,42030.37,4.37,89,3,80553,0.61,0.93,0.92,1,0.38,2310
1,1065.19,5.95,56,9,9314,0.11,0.95,0.7,1,9.36,1804
3,35333.14,1.46,94,6,94831,0.33,0.36,0.74,0,0.0,2449
4,48527.73,4.84,93,7,76164,0.47,0.78,0.79,0,1.37,1594
4,22164.24,8.49,84,0,78028,0.51,0.74,0.74,1,5.42,1647
0,12131.18,8.25,85,3,37113,0.37,0.89,0.44,1,9.24,2104
2,35391.11,3.02,61,5,16357,0.13,0.45,0.73,1,5.25,1538
3,40947.84,3.03,22,2,99865,0.63,0.53,0.62,1,0.0,753
1,27548.3,8.36,35,4,21365,0.57,0.42,0.85,1,10.95,1300
3,48368.25,9.37,16,9,40029,0.35,0.85,0.8,1,10.25,1205
1,3057.6,1.86,50,8,2737,0.13,0.23,0.05,1,5.26,1986
2,25487.38,5.05,43,2,75632,1.0,0.24,0.38,1,1.66,2341
1,36063.47,4.04,17,4,86474,0.53,0.37,0.04,1,0.0,1127
0,43200.7,8.84,80,7,79218,0.78,0.23,0.11,0,5.71,905
0,9373.15,1.75,58,5,28499,0.51,0.56,0.6,1,2.55,1728
0,40100.17,2.9,2,3,47157,0.14,0.13,0.87,1,2.02,1977
0,27859.0,7.77,4,7,57247,0.38,0.32,0.13,0,6.67,2465
3,20129.41,1.46,85,2,42034,0.39,0.91,0.45,0,0.86,1235
2,7019.89,5.43,39,2,1294,0.85,0.41,0.9,0,9.56,833
1,43332.14,4.98,98,3,99072,0.69,0.75,0.81,1,0.0,1305
1,8285.02,4.01,94,8,25596,0.35,0.11,0.52,1,5.47,1030
0,15834.5,4.55,6,4,99185,0.97,0.25,0.77,1,0.0,794
0,14857.25,5.77,81,7,12434,0.39,0.81,0.52,1,8.84,2136
4,43634.99,2.45,89,5,59382,1.0,0.76,0.16,0,0.27,534
2,33798.8,6.15,69,2,39098,1.0,0.39,0.13,1,6.6,2470
3,39935.73,8.25,69,7,5655,0.27,0.95,0.19,1,12.4,1034
1,12898.16,7.84,20,8,84029,0.38,0.91,0.35,0,4.06,1002
4,31431.27,2.39,64,7,47228,0.54,0.96,0.92,1,1.42,1847
4,28801.43,2.34,16,3,4771,0.7,0.43,0.79,1,5.62,690
1,41725.1,3.41,51,5,75099,0.58,0.2,0.43,1,0.0,1011
3,45351.31,4.25,37,0,57799,0.97,0.63,0.49,1,2.52,2147
4,1101.76,4.68,73,3,63257,0.75,0.68,0.27,0,2.47,1622
4,33863.99,7.12,69,7,18558,0.29,0.13,0.7,0,9.79,1093
2,3065.87,1.51,42,0,59436,0.19,0.79,0.8,0,0.0,1431
3,27668.5,1.31,57,2,93103,0.72,0.02,0.24,0,0.0,1085
4,14737.82,4.53,66,0,33376,0.24,0.48,0.05,1,5.3,2461
3,15685.44,7.27,9,8,88458,0.81,0.33,0.62,1,2.96,2494
1,17971.45,2.74,100,1,78924,0.38,0.74,0.56,1,0.0,764
0,31253.98,6.77,86,8,30332,0.39,0.31,0.4,0,8.2,1654
4,17035.47,3.34,64,3,47737,0.11,0.83,0.64,0,2.47,1760
2,36768.6,8.97,86,1,90031,0.73,0.59,0.55,0,4.78,1080
1,20524.11,9.06,22,3,74970,0.2,0.79,0.26,1,6.39,1354
3,3883.48,3.68,34,9,52952,0.8,0.99,0.4,1,2.34,994
1,39296.11,3.07,55,5,21991,0.54,0.68,0.43,0,4.74,2004
4,14645.04,4.7,29,6,28472,0.81,0.98,0.87,0,5.98,1818
3,21921.96,3.16,38,2,60946,0.63,0.03,0.95,1,0.94,912
0,34429.47,7.05,97,2,27849,0.17,0.34,0.89,1,8.78,1301
1,16956.58,8.43,18,9,2541,0.79,0.11,0.71,1,12.92,1374
4,3300.99,7.06,71,7,3765,0.16,0.26,0.58,0,11.2,913
2,19009.09,8.42,65,4,44074,0.53,0.84,0.69,0,8.74,1403
3,47250.2,4.57,97,3,30283,0.26,0.03,0.93,0,5.65,785
1,32265.85,2.41,1,6,1769,0.78,0.52,0.25,0,6.0,809
1,33738.22,7.64,88,6,18806,0.92,0.57,0.53,1,10.37,2176
0,31797.97,4.24,4,8,91518,0.6,0.56,0.69,1,0.0,2425
0,10350.11,7.04,4,8,3972,0.57,0.48,0.68,1,11.16,566
2,21207.53,3.44,82,4,19256,0.79,0.79,0.26,0,5.44,1012
2,37671.52,1.73,27,7,19653,0.1,0.13,0.58,1,3.42,1455
4,5517.96,9.93,43,9,87669,0.93,0.31,0.79,1,6.13,746
4,14253.71,2.41,59,0,40339,0.28,0.62,0.48,1,2.13,1679
2,14177.8,9.9,32,8,26757,0.99,0.69,0.79,1,12.2,1541
2,21884.94,9.8,33,7,43399,0.76,0.4,0.36,1,10.42,1550
3,49028.25,8.14,28,5,45013,0.8,0.88,0.93,0,8.32,2070
0,3841.38,6.93,55,2,98605,0.69,0.42,0.53,1,1.55,1139
4,26175.7,6.2,100,2,15706,0.52,0.4,0.59,1,9.01,1454
0,9378.55,8.79,60,7,39231,0.61,0.04,0.04,0,9.66,2442
0,48548.49,3.6,70,4,28909,0.14,0.55,0.18,0,4.66,1214
2,6108.52,5.21,62,9,77631,0.66,0.71,0.63,1,1.65,2169
3,20478.25,6.57,80,6,58572,0.66,0.11,0.42,1,5.14,1139
1,37025.31,4.7,34,4,86879,0.9,0.31,0.51,1,0.13,786
3,35375.44,4.85,87,7,64767,0.56,0.78,0.07,1,2.52,1516
3,21425.07,3.97,88,9,27469,0.17,0.37,0.83,0,5.24,1492
0,17652.95,6.08,56,9,2313,0.38,0.24,0.78,1,10.21,892
3,20181.81,8.66,13,3,8847,0.69,0.67,0.19,0,12.56,2308
4,13581.68,2.81,56,1,51222,0.32,0.2,0.63,1,1.51,2337
0,10663.98,9.41,18,2,75702,0.35,0.9,0.81,1,6.72,1070
4,24410.47,7.2,54,7,10930,0.84,0.11,0.64,1,10.65,1175
1,13792.42,8.41,77,6,4285,0.63,0.71,0.31,0,12.72,2074
0,14729.35,6.01,43,1,36863,0.56,0.5,0.65,1,6.67,2457
1,33009.43,8.02,39,5,17704,0.39,0.87,0.22,1,10.92,1340
0,48442.6,1.15,61,8,19705,0.76,0.13,0.32,0,2.74,2437
2,30380.04,8.37,42,3,1555,0.36,0.68,0.25,1,12.95,1566
3,4310.48,1.36,81,8,22323,0.76,0.57,0.56,0,2.72,1679
2,4241.39,9.01,79,1,71968,0.16,0.48,0.12,1,6.63,1101
1,47595.45,9.93,18,1,67922,0.88,0.49,0.92,0,8.11,1659
3,15215.89,3.65,23,8,54915,0.55,0.72,0.34,0,2.11,2437
0,5057.32,2.89,54,6,11619,0.49,0.94,0.22,0,5.57,1539
3,30152.71,7.89,30,6,73390,0.65,0.09,0.5,1,5.19,2083
4,31370.61,3.28,98,0,60274,0.66,0.02,0.28,0,1.15,1196
3,32600.99,8.79,58,5,74173,0.22,0.81,0.53,0,6.16,795
4,13736.4,1.93,68,6,22225,0.78,0.11,0.35,1,3.39,1712
3,1247.98,2.13,67,5,27739,0.35,0.99,0.14,0,3.07,1810
4,48268.26,9.81,71,5,48708,0.91,0.62,0.27,1,9.9,1450
1,12919.21,7.06,18,1,54019,0.84,0.65,0.44,1,6.17,1652
2,33963.3,8.62,7,5,77154,0.41,0.2,0.04,0,5.66,2056
0,35478.18,3.92,40,3,8373,0.83,0.24,0.77,0,7.09,2285
3,30695.37,7.09,70,8,36281,0.42,0.66,0.62,1,7.98,2121
2,15988.92,6.35,86,0,21187,0.19,0.91,0.6,0,8.63,773
0,13919.26,6.43,65,7,68863,0.97,0.98,0.55,0,3.95,2190
0,30084.58,7.14,68,4,98927,0.69,0.2,0.59,0,1.76,2345
4,43371.73,6.18,49,0,85085,0.51,0.13,0.93,0,2.03,2387
1,47363.32,4.86,52,3,40220,0.46,0.06,0.02,1,4.99,2087
1,5742.34,3.48,29,0,8642,0.39,0.87,0.06,1,6.55,657
2,8164.02,7.92,21,5,80971,0.98,0.29,0.2,0,4.46,879
1,47264.44,3.04,90,1,56556,0.22,0.0,0.17,1,1.24,722
3,36958.49,7.23,78,4,34760,0.38,0.22,0.19,0,8.3,2343
1,44208.19,3.1,9,6,39192,0.54,0.34,0.67,0,3.05,2466
2,10530.32,6.63,47,1,5381,0.53,0.99,0.46,0,10.54,1456
1,29585.5,7.72,76,5,97583,0.52,0.52,0.98,0,2.57,2216
3,35206.41,2.97,42,5,20558,0.26,0.2,0.23,1,4.77,1932
4,34165.54,1.54,51,4,31782,0.23,0.33,0.31,0,1.98,1548
2,20703.51,2.18,56,4,5782,0.33,0.33,0.97,1,5.33,1171
4,1262.05,6.45,51,2,92417,0.92,0.02,0.83,0,1.61,753
4,29354.84,8.65,70,9,55712,0.2,0.14,0.47,1,7.85,1227
4,13028.53,1.4,20,9,95945,0.78,0.7,0.55,1,0.0,2026
0,22787.59,7.61,88,1,20462,0.78,0.12,0.84,1,10.17,2027
0,47900.26,4.07,27,6,61030,0.83,0.23,0.48,1,1.99,791
4,20252.25,5.31,38,0,69519,0.9,0.35,0.21,0,2.58,1922
2,42070.18,9.36,72,5,57411,0.34,0.76,0.82,1,8.5,2036
3,9832.76,3.99,65,5,56206,0.3,0.58,0.54,0,2.38,1984
3,33786.79,5.19,54,2,98469,0.52,0.69,0.16,1,0.0,1172
1,48861.84,1.12,24,1,47950,0.34,0.57,0.51,1,0.0,737
2,5543.71,1.73,47,1,3523,0.76,0.68,0.41,1,5.03,2122
0,911.84,3.33,71,8,61926,0.67,0.0,0.87,0,1.04,2490
4,21962.35,1.25,83,4,10677,0.89,0.93,0.13,1,3.76,1927
1,5084.96,6.68,86,6,76828,0.17,0.11,0.87,0,3.44,1945
3,37545.03,4.84,63,4,16089,0.92,0.41,0.51,0,7.39,2000
0,45770.16,5.93,57,6,5581,0.36,0.77,0.41,0,9.71,1469
0,21984.04,2.57,55,3,12907,0.54,0.44,0.17,1,5.07,1914
4,13306.23,3.66,60,7,6609,0.49,0.95,0.7,1,6.97,2426
3,22002.96,6.97,99,9,52153,0.78,0.47,0.92,1,6.25,983
2,36310.67,9.69,62,9,51539,0.48,0.87,0.38,1,9.47,1251
0,948.18,1.45,30,6,45143,0.95,0.81,0.25,1,0.53,2278
4,29677.97,9.01,93,9,23936,0.91,0.98,0.55,1,11.45,1776
2,30857.94,6.19,22,4,51182,0.88,0.93,0.79,1,5.44,1508
3,32065.57,6.08,75,5,96042,0.16,0.9,0.01,0,0.81,1681
0,12480.09,5.5,84,4,14163,0.87,0.73,0.63,1,8.35,1114
2,35845.61,1.62,29,6,60758,0.8,0.37,0.59,0,0.0,1002
2,5023.88,1.81,41,1,47057,0.19,0.11,0.32,0,0.76,2348
2,10363.88,6.41,42,4,13537,0.2,0.69,0.45,1,9.47,1512
0,43934.77,4.07,98,9,23419,0.19,0.98,0.25,1,5.76,1827
0,37066.8,9.26,65,2,43578,0.11,0.73,0.78,0,9.77,682
1,1180.4,4.66,31,8,75991,0.59,0.93,0.63,0,1.17,2310
3,12794.62,2.29,30,5,75599,0.98,0.8,0.53,1,0.0,1768
4,11113.12,7.43,18,9,1834,0.49,0.16,0.39,0,11.83,716
2,13904.91,3.64,17,2,33214,0.59,0.25,0.3,0,4.28,1967
1,12754.21,5.73,38,6,93934,0.97,0.34,0.82,0,0.62,1507
4,3595.05,7.28,14,3,3413,0.33,0.17,0.45,0,11.5,2225
1,23217.56,9.1,87,2,10505,0.87,0.58,0.5,1,12.9,2242
0,36770.31,8.13,89,7,3105,0.59,0.98,0.52,1,12.51,1072
2,30533.22,7.09,79,3,69104,0.61,0.76,0.45,0,4.69,567
4,33807.15,7.12,56,0,59408,0.41,0.42,0.26,0,5.7,833
4,4516.88,9.51,22,5,38679,0.61,0.0,0.13,0,10.55,1469
4,47598.79,3.66,67,9,80731,0.17,0.31,0.11,1,0.0,864
4,42005.35,1.01,56,0,66131,0.79,0.53,0.75,1,0.0,1864
4,40351.97,3.45,19,4,65280,0.36,0.32,0.23,0,0.84,1625
1,41237.7,2.96,57,6,16762,0.9,0.11,0.06,0,5.14,1479
2,46669.17,6.96,44,5,59703,0.43,0.44,0.79,0,5.48,805
0,27440.57,6.7,98,1,82434,0.23,0.25,0.16,1,2.9,1726
0,10413.96,6.34,35,3,64079,0.73,0.91,0.62,0,4.32,1422
0,31030.79,1.15,1,1,22577,0.25,0.1,0.34,0,2.45,2212
0,37272.63,7.56,52,0,2214,0.78,0.05,0.13,0,11.94,799
1,37026.91,3.91,85,2,87339,0.97,0.01,0.42,0,0.0,1363
3,26311.73,6.99,93,2,49114,0.8,0.33,0.02,0,6.58,1146
2,3888.71,6.01,70,6,90234,0.12,0.66,0.83,1,1.32,2201
4,18870.09,4.08,37,0,64230,0.64,0.73,0.51,1,1.68,1388
3,46077.95,2.21,65,8,33980,0.73,0.45,0.15,1,2.54,2333
0,29430.22,1.85,51,5,68194,0.84,0.68,0.24,0,0.0,2409
3,27147.43,8.48,1,3,78806,0.15,0.36,0.45,1,5.33,1457
2,13808.25,9.27,91,2,38792,0.53,0.67,0.2,0,10.26,815
4,18738.22,6.85,21,2,46807,0.58,0.04,0.27,1,6.65,1250
4,44819.63,1.93,53,1,23301,0.25,0.39,0.53,1,3.28,1419
2,33489.92,4.62,16,1,6141,0.39,0.79,0.83,0,8.13,798
2,39475.66,7.56,61,9,14777,0.5,0.8,0.4,0,10.68,2480
0,22990.1,8.02,54,4,39346,0.85,0.72,0.71,0,8.75,1616
4,31697.24,2.06,40,8,55703,0.94,0.2,0.87,1,0.19,1009
3,12794.99,1.0,26,1,95977,0.67,0.25,0.22,0,0.0,1462
1,35420.31,7.41,80,1,48819,0.46,1.0,0.8,1,7.09,774
1,21666.27,4.21,92,5,29469,0.33,0.1,0.75,1,5.31,682
2,22406.0,3.29,65,9,4845,0.98,0.18,0.36,1,6.71,1597
0,32641.46,1.12,100,1,24290,0.98,0.13,0.98,0,2.24,2485
1,46845.89,5.86,74,3,31699,0.93,0.33,0.27,0,7.01,980
4,3668.31,8.66,64,5,45252,0.81,0.21,0.26,0,8.91,727
2,41324.79,9.62,43,4,99682,0.39,0.5,0.77,1,4.56,2210
3,14972.96,6.09,17,0,4293,0.84,0.48,0.44,1,10.02,650
2,22474.01,5.63,59,5,58089,0.47,0.9,0.33,0,4.1,527
3,1584.71,1.77,23,0,17608,0.39,0.03,0.19,1,3.67,1494
2,15401.78,5.94,7,2,67273,0.77,0.32,0.76,1,3.54,2309
2,25380.25,4.42,44,9,17619,0.17,0.6,0.78,1,6.75,1381
2,3280.72,6.46,53,4,79006,0.14,0.6,0.57,0,2.96,1166
3,24809.24,4.5,71,9,88908,0.5,0.48,0.95,1,0.0,717
3,46391.98,3.16,79,4,82653,0.5,0.82,0.32,1,0.0,2129
2,5716.96,1.85,34,9,15779,0.91,0.06,0.23,0,3.94,1042
1,38339.82,3.83,46,5,52040,0.21,0.82,0.67,0,2.61,968
0,20778.72,1.87,68,9,95830,0.21,0.49,0.75,0,0.0,2471
0,32931.1,2.59,78,7,57325,0.23,0.13,0.23,0,0.64,2365
0,13381.71,9.89,78,4,22630,0.13,0.89,0.09,0,12.6,2356
3,8394.87,5.0,16,0,13178,0.16,0.65,0.8,0,7.87,669
3,8442.9,5.79,71,4,20935,0.69,0.16,0.97,1,8.01,1741
1,3989.35,8.86,96,2,48258,0.49,0.03,0.64,1,8.84,1059
0,9689.51,9.96,19,3,23784,0.79,0.14,0.28,1,12.57,753
0,33378.86,6.24,2,7,64722,0.99,0.61,0.99,1,4.14,1863
2,44143.69,8.31,10,6,24027,0.69,0.18,0.89,0,10.63,2179
3,40799.22,3.94,50,4,97544,0.15,0.23,0.51,1,0.0,1475
0,34414.15,3.75,81,1,58853,0.19,0.03,0.82,0,1.83,1852
1,5966.38,4.62,12,5,68359,0.89,0.72,0.81,0,1.89,2204
1,14814.78,7.05,70,5,73388,0.57,0.81,0.93,1,4.21,986
0,15835.44,7.14,22,9,79608,0.84,0.8,0.83,1,3.69,1951
3,12872.87,3.84,32,9,77669,0.87,0.13,0.64,0,0.05,1077
1,25992.78,2.2,84,5,16111,0.93,0.9,0.61,0,4.32,919
2,27009.91,6.69,1,8,33312,0.95,0.67,0.47,0,7.81,2417
1,18165.86,2.15,54,7,25161,0.6,0.9,0.62,0,3.35,2314
4,18012.56,6.21,58,7,68313,0.41,0.45,0.79,1,3.75,1371
4,41513.5,7.24,70,0,51374,0.97,0.44,0.96,0,6.64,1757
3,39570.0,7.31,83,4,25014,0.59,0.78,0.47,1,9.37,736
0,15735.89,7.78,18,6,81308,0.16,0.09,0.57,0,4.27,1665
